1776Brexit,0,698,1012,641,2662,2.34,.68,4.15
1AmericanMama,0,1687,228,10556,13716,46.50,7.39,1.29
1_teflon,1,2619,2807,11793,9839,40.11,.93,.83
2019DC2019,1,1,15,16,7,.12,.06,.43
2020DonaldJ,0,195,304,331,1094,1.35,.64,3.30
3018gdoe,1,527,773,5853,8534,14.52,.68,1.45
40ozhomie2,1,2,230,218,17,.62,0,.07
4_sportsmen,1,880,1644,352,50,1.49,.53,.14
5Emmacares,0,2161,2886,27407,32986,87.28,.74,1.20
5RffDMALrD7yQOb,1,6,64,6,5,.05,.09,.83
6079__Smith_W,1,20,56,13,8,.03,.35,.61
80nWxNPxyCaSS3w,1,52,390,598,2023,5.98,.13,3.38
8670ZTD8uN4Rp51,1,517,5000,1840,14007,5.78,.10,7.61
8uRzqN6mkKP7Cvc,1,2,100,1,5,.01,.02,5.00
941nickguy,0,221,380,616,320,1.67,.58,.51
A10Assoc,0,40,1203,28,18,.18,.03,.64
ALock_4,1,7,172,177,248,1.39,.04,1.40
AMP_Contracting,0,65,848,808,117,2.00,.07,.14
AP72580488,0,19,115,76,99,.36,.16,1.30
APGOVBG,1,8,57,2,1,0,.14,.50
AQEELKH46497766,1,17,495,19,21,.14,.03,1.10
AScheppele,1,194,579,573,8243,2.79,.33,14.38
AamirMe31389026,1,4,212,9,6,.09,.01,.66
AaronHeard13,0,58,343,158,880,.58,.16,5.56
AbdellhAlgrady,1,6,109,2,2,.01,.05,1.00
Abdulna73737559,1,3,92,12,23,.12,.03,1.91
Abigail42724542,1,3250,3798,1165,1132,5.73,.85,.97
AboutCuriously,0,269,688,1372,3348,5.25,.39,2.44
AbqSpirits,1,20,127,296,358,.70,.15,1.20
AbuTura35033108,1,23,459,97,4247,.38,.05,43.78
AdanHas10800986,1,11,92,10,1,.05,.11,.10
AdrienMwamba3,1,0,46,1,4,0,0,4.00
AdrienneDoebel1,0,11,140,11,143,.04,.07,13.00
AdvoKid1,1,34,589,251,296,1.16,.05,1.17
Advoc8LikeAMom,0,62,721,348,94,1.78,.08,.27
AilsonSaldanha,1,40,609,8,8,.03,.06,1.00
AkifUsmani2,1,2,108,5,81,.03,.01,16.20
Al_Natanagara,0,1262,2290,6153,17271,25.63,.55,2.80
AlexRog06386180,1,19,288,45,94,.21,.06,2.08
Alexand76085967,0,14,46,262,105,.89,.30,.40
AliBeka20,1,3,154,5,1,.04,.01,.20
AliJanMemon8,1,2,75,10,5,.07,.02,.50
Alice30578774,0,21,161,75,422,.29,.13,5.62
AllisonEwers,0,49,145,20,80,.10,.33,4.00
AllynTa62806380,1,626,2477,33216,25114,127.26,.25,.75
AltheaLayne1,0,1,86,5,1,.02,.01,.20
Alyssa25450874,0,2,63,8,34,.08,.03,4.25
AmadouAminou5,1,0,124,3,7,.03,0,2.33
AmanpourCoPBS,1,10980,773,619,1093,2.47,14.20,1.76
AmericanNinja2,1,568,1050,188,383,.79,.54,2.03
Amjad41506800,1,1,84,5,7,.04,.01,1.40
Amralhwary1,1,0,17,10,16,.07,0,1.60
AmyCJ7166,0,49,694,69,373,.52,.07,5.40
AmyPears2545,1,1464,4441,3823,17103,10.92,.32,4.47
AmySpen46613288,1,216,1578,10,1,.06,.13,.10
Amzdealzz,1,12,293,14,0,.03,.04,0
AndeeLayton,0,257,958,714,2207,1.74,.26,3.09
AndersOdegard1,0,248,661,847,533,4.34,.37,.62
AndiLetsom,1,15,107,16,394,.15,.14,24.62
AndrewJayEvans1,1,509,736,3293,8322,7.80,.69,2.52
Andrewrobocop1,0,79,1011,810,3221,1.77,.07,3.97
Angela81250692,0,235,700,2624,2459,5.92,.33,.93
AngelaW63765246,0,4361,4498,15930,14968,43.05,.96,.93
AniaCervera,1,211,4944,106,410,.43,.04,3.86
Animalvintage1,1,3,27,19,38,.06,.11,2.00
AnthonyMixerWA,0,5571,965,2355,5212,10.70,5.77,2.21
AntonGruber87,0,41,190,299,162,1.79,.21,.54
Antonio27089062,1,5,49,2,4,.02,.10,2.00
Antwannroundtr1,1,434,1667,3635,3511,12.44,.26,.96
AnusQaim,1,6,115,6,11,.06,.05,1.83
AppleAllen3,0,1051,3016,3170,3191,7.65,.34,1.00
ArizonaLuke,1,339,726,3437,3667,23.54,.46,1.06
ArunSha40796308,1,65,1678,184,193,.84,.03,1.04
ArwoodDebbi,0,113,458,1719,6484,10.11,.24,3.77
AryaResists,0,24741,17424,87790,136803,244.54,1.41,1.55
Aseemru,0,755,463,9460,62881,29.93,1.63,6.64
Asfand38828108,1,401,385,21253,12773,189.75,1.04,.60
AshleyH42679986,0,17,243,147,836,.71,.06,5.68
AshleyJ19CCA,0,19,990,24,71,.16,.01,2.95
Ashleyaston10,0,4,59,14,17,.03,.06,1.21
Athena4Freedom,1,1001,1742,8536,40060,31.04,.57,4.69
AtsuRichmond1,1,7,199,54,721,.49,.03,13.35
AusConsRodney,0,395,468,4295,5661,10.60,.84,1.31
AussumPossum,1,433,1089,5610,25231,14.92,.39,4.49
AvenirVisions,0,559,3859,520,885,1.60,.14,1.70
BBest1958,1,20,244,809,2109,5.39,.08,2.60
BEALOVELY3,1,133,360,6285,1417,25.14,.36,.22
BFurnass,0,4,98,12,14,.10,.04,1.16
BMGDemocrat,0,12,238,283,802,1.15,.05,2.83
BMcsimon,0,11,330,45,442,.18,.03,9.82
BMymH7gDqh005EH,1,3,40,4,0,.03,.07,0
B_m_Hall,0,70,488,651,5997,1.62,.14,9.21
BabaliciousDQ1,1,1212,2874,8652,32028,23.51,.42,3.70
BagabonesF,0,3196,3613,52762,78703,168.56,.88,1.49
BanishedOf,1,20,81,131,1514,.83,.24,11.55
Barbara85134845,0,231,279,7420,30492,17.13,.82,4.10
BarnettSemaj,1,1,7,3,18,.01,.14,6.00
BartCooper12,0,52,156,1929,583,17.69,.33,.30
BasraAsbat,1,14,121,17,1,.12,.11,.05
BastaviRahbar,1,107,1103,11,76,.06,.09,6.90
BauresAndrew,0,36,660,45,160,.12,.05,3.55
BeBoldEatPlants,0,47,388,62,41,.66,.12,.66
BeSurthrivalist,0,126,859,921,8754,3.52,.14,9.50
BellaHallWayne1,0,43,567,53,229,.20,.07,4.32
Belly761,1,6,225,22,91,.13,.02,4.13
BelzerRoe,1,5,22,19,184,.04,.22,9.68
BenWhiteJr1,1,2447,3160,2616,3074,22.74,.77,1.17
Ben_R_Sci,1,1049,3955,23366,41813,53.34,.26,1.78
BenattaW,1,435,1402,20,15,.08,.31,.75
BentonArkDems,0,202,373,530,1999,1.36,.54,3.77
BeskEmmanuel,1,2,66,5,11,.04,.03,2.20
BessentCale,0,23,124,214,67,.91,.18,.31
Beto20207,0,215,551,220,1742,1.49,.39,7.91
Betseba4,1,8,96,1,10,0,.08,10.00
Beverly18831185,1,0,28,6,20,.03,0,3.33
BibleBeltDarlin,0,23998,23730,81181,152729,203.46,1.01,1.88
BigFreedomGuy,0,32,354,9,46,.03,.09,5.11
BilalHashmii1,1,3,123,5,12,.04,.02,2.40
Billie27486384,1,24,315,11596,18,46.57,.07,0
Blueangel4101,0,6767,7181,28715,19108,68.36,.94,.66
BluewaternavyW,0,750,1301,6263,10964,54.46,.57,1.75
BobChristianso8,1,18,84,42,266,.13,.21,6.33
Bobbs99Bobbette,1,201,265,2516,24139,5.81,.75,9.59
Bobhvac2,0,2464,3153,1943,1623,14.39,.78,.83
BoehMark,1,1,35,35,10,.31,.02,.28
BolinaMohamed,1,1,47,47,38,.25,.02,.80
BolyMalick,1,7,125,13,55,.11,.05,4.23
BopgaI,1,87,427,51,22,.52,.20,.43
Boyerswife,0,275,1261,557,285,3.71,.21,.51
BradleyCooperMO,0,627,326,1610,4218,3.89,1.92,2.61
Bravog1991,0,93,800,486,598,1.35,.11,1.23
Brenda11n12Step,0,9,347,42,810,.16,.02,19.28
BrendaSteinbe12,0,2,29,17,110,.08,.06,6.47
BrendaaMedeea,0,127,961,1,0,0,.13,0
Brent2229,1,3,30,139,374,1.04,.10,2.69
BrentCate2,1,2066,2795,14030,14223,51.01,.73,1.01
Brentym1,1,445,1087,509,7697,1.59,.40,15.12
Brian4Freedom,0,378,578,2848,2434,10.24,.65,.85
BrianFo54517845,0,108,160,745,1886,2.50,.67,2.53
BrianKennedyPA,0,171,388,74,5026,.19,.44,67.91
Brian___Wiggins,1,32,176,1027,940,8.21,.18,.91
BriannaRoseZim1,0,11,639,9,15,.06,.01,1.66
Brianstrawsy,1,6,130,539,599,1.27,.04,1.11
BruceNBeans,0,17,185,39,114,.09,.09,2.92
Bry_2020,0,33,236,122,109,.27,.13,.89
Bschieb38,1,44,596,115,2763,.61,.07,24.02
Bubacar34316951,1,1,100,2,1,.01,.01,.50
BubbaJDAM,0,1761,3044,7275,7054,32.04,.57,.96
BudulJaale,1,5,70,3,0,.03,.07,0
BuleEnos,1,5,133,5,138,.04,.03,27.60
BulldogMama8,1,21,253,224,557,.99,.08,2.48
ButchScott4,1,1,17,24,41,.05,.05,1.70
CBCPACIE,0,74,237,67,0,.41,.31,0
CCthont,0,4,72,1,10,0,.05,10.00
CObluewave2018,0,2291,5000,1755,1429,11.47,.45,.81
CParkerBradshaw,0,274,968,19,115,.04,.28,6.05
CRokitte,1,160,5880,55,2163,.12,.02,39.32
CStaff0rd,0,114,276,134,8851,.48,.41,66.05
CW4TX,0,2969,7287,305,64,.70,.40,.20
CWEFarm,0,65,548,16,158,.10,.11,9.87
CWoolschlager,0,265,414,896,1612,8.37,.64,1.79
CantrellJosalyn,1,214,302,2735,3229,9.52,.70,1.18
CaptainMuhamma1,1,2,58,5,1,.04,.03,.20
Captainziggels,1,740,1107,28819,36406,87.33,.66,1.26
CarmenChance6,1,13,600,96,303,.61,.02,3.15
CarolineLebo6,1,25,270,3640,13654,10.48,.09,3.75
CarolineTanui8,0,15,465,22,62,.08,.03,2.81
Caryllyn2,0,110,60,1964,5519,7.46,1.83,2.81
CaseCredible,1,59,175,1516,2942,3.79,.33,1.94
CaseyCrawford34,0,37,203,83,162,.18,.18,1.95
CaseyJBrown3,1,50,1227,844,704,3.24,.04,.83
CaseyOstrowski,0,11,492,83,160,.18,.02,1.92
CassandraPatrom,0,21,245,153,224,.80,.08,1.46
CastorFoil,0,31,144,46,6,.12,.21,.13
CatCaffeinated,1,76,563,36,941,.31,.13,26.13
CaterinaM14,0,51,161,2378,3248,8.22,.31,1.36
CathyPerfect3,0,109,399,2031,7022,5.41,.27,3.45
CeesayJoe,1,33,1193,2,41,.01,.02,20.50
ChaeWooLee1,0,5245,5769,17283,16079,48.00,.90,.93
ChandlerRay19,0,131,259,280,6813,.63,.50,24.33
CharlesCrown6,1,5,197,19,0,.14,.02,0
CharlesEldonB,0,573,740,908,628,2.07,.77,.69
CharukChristina,1,240,1229,2068,6764,13.69,.19,3.27
CheekeSherika,1,29,275,75,46,.78,.10,.61
ChefsmomCmt,0,508,1343,1691,2465,7.25,.37,1.45
CherieProud,1,8814,8968,2284,5964,7.48,.98,2.61
CherylH95005477,0,818,510,3879,22994,13.56,1.60,5.92
Chester67543949,1,326,748,15166,25810,53.59,.43,1.70
Cheyenn52553417,0,4,116,1,11,0,.03,11.00
CheyenneMauzy,0,106,628,251,578,.55,.16,2.30
Chris1203511555,0,3649,4139,6492,5954,27.50,.88,.91
ChrisGinsburg1,0,19,113,137,258,.74,.16,1.88
ChristianKbond,0,21,81,56,430,.35,.25,7.67
ChristinaClue,1,80,187,85,1,.22,.42,.01
ChurchofCreati1,1,1,16,2,2,.01,.06,1.00
Cierra_Reimche,0,31,438,21,226,.05,.07,10.76
Cinderella5280,1,2869,4863,25931,32949,59.74,.58,1.27
CindyKub2,0,178,574,4364,8398,13.85,.31,1.92
ClarkeBush,0,95,588,67,79,.22,.16,1.17
ClaudiaLKehoe,0,179,104,38,115,.17,1.72,3.02
ClimatePolitic1,1,0,35,2,3,.01,0,1.50
ClubLiberals,0,60,129,422,525,.97,.46,1.24
ClubTaney,0,27,127,63,189,.15,.21,3.00
ClydeCadiddleh1,1,358,840,13017,17652,31.06,.42,1.35
CoachDavies_28,0,6,62,9,247,.04,.09,27.44
CoachJDank,0,205,1144,2079,10104,4.91,.17,4.86
CodeineFrancois,1,113,903,1,0,0,.12,0
CoffeeL48396139,0,3804,4981,27781,55316,87.08,.76,1.99
ColinJo15371370,1,24,638,23,122,.09,.03,5.30
Concern25695269,1,3,34,3432,140,26.19,.08,.04
ConradTyler10,1,138,2097,49,323,.33,.06,6.59
CoraHanf,0,7,49,7,8,.04,.14,1.14
Corbin88767989,0,4,84,19,917,.04,.04,48.26
CorbinCase,0,25,114,16,92,.07,.21,5.75
Corewisp,0,249,217,382,670,1.02,1.14,1.75
CoreyDBolton1,0,26,107,23,26,.05,.24,1.13
CoreyPHarrisNE,1,6,169,32,4,.30,.03,.12
CorpMillennium,0,86,668,879,1004,5.26,.12,1.14
CoryStevens1987,0,1,62,5,357,.02,.01,71.40
Couliba53905223,1,4,169,4,13,.03,.02,3.25
CounterPunchTee,0,68,164,17,3,.03,.41,.17
CovfefeGrande,0,1718,2195,4103,16984,11.89,.78,4.13
Cowboy69881,1,3425,3702,6568,8975,28.55,.92,1.36
CowherdLynne,1,8,46,1,11,.01,.17,11.00
CoxDigna2,0,883,1088,23527,103895,113.11,.81,4.41
CoytHumberto,1,1369,4349,10335,6176,47.40,.31,.59
CpaKeystone,1,6,64,937,1914,3.44,.09,2.04
CrazyStory95,1,7,274,11,8,.08,.02,.72
CrossCurran,0,56,86,60,22,.20,.65,.36
CryptoCostello,1,29,721,13,5,.03,.04,.38
CsnowflakeD,1,1300,3765,2740,3451,10.70,.34,1.25
Cynthia03516751,0,661,796,2184,2721,12.20,.83,1.24
D3plorabl3Skyl3,0,2390,2449,16091,10225,53.10,.97,.63
DAyesiyenga,0,2,93,1,1,0,.02,1.00
DIYTCraft1,1,263,1968,66,151,.51,.13,2.28
DJ_theoretical,0,124,1163,714,2781,4.35,.10,3.89
DOputin,0,8,501,244,589,1.09,.01,2.41
DPhq5DjV2qEDd41,1,0,56,1,2,0,0,2.00
DREAMER7712,0,1730,2017,38569,50023,90.32,.85,1.29
DRobertsone,1,131,536,4,47,.01,.24,11.75
DT07921995,1,0,58,34,16,.25,0,.47
D_Rob1989,0,26,95,32,137,.10,.27,4.28
DagobahMetal,0,359,1289,226,1169,.72,.27,5.17
DalecomMedia,0,40,169,90,24,.31,.23,.26
DamionDouglas8,1,2730,4951,3231,5575,28.59,.55,1.72
DanielM29023415,0,434,881,6298,10026,61.14,.49,1.59
DanielWillSanD,1,57,335,374,2921,1.56,.17,7.81
DanielcGannon,0,124,407,213,957,.59,.30,4.49
Danielw24180378,0,88,231,1480,5692,3.93,.38,3.84
David25632729,0,18,381,22,35,.14,.04,1.59
DavidFranklinWG,0,182,683,843,155,1.90,.26,.18
DavidJo44923625,0,5,185,2,1,.01,.02,.50
DavidNKing1,0,1017,2195,3258,4361,26.92,.46,1.33
DavidPe93566204,0,49,153,33,5344,.10,.32,161.93
DavidSlaterPVMO,0,23,41,17,102,.03,.56,6.00
DavidSt55889796,0,43,31,169,209,.63,1.38,1.23
DavidWFrancis4,0,861,1467,54154,53848,125.64,.58,.99
DebDavey8,0,29,41,14,196,.04,.70,14.00
DeeThom97060648,1,149,272,1895,8070,6.48,.54,4.25
DemocratBetty,1,6,5,4,2,.01,1.20,.50
DemocratMiddle,1,39,248,2313,16,13.76,.15,0
DeniseMckibben,1,10,61,17,8196,.11,.16,482.11
Deplor_Con,0,596,1003,332,363,.79,.59,1.09
DeplorableMik16,0,4004,4504,2459,1496,12.41,.88,.60
Derrick78153608,0,30,222,194,1763,.94,.13,9.08
DesmondHarry3,1,169,2418,1,0,0,.06,0
DevilsAdocate88,1,2,101,2,0,.01,.01,0
DianeNamm,1,207,242,5251,14513,21.00,.85,2.76
DimwadDump,0,172,284,335,13,3.52,.60,.03
DinadesalvoA,0,132,424,4098,11131,14.42,.31,2.71
DipuHira4,1,163,2222,223,109,1.35,.07,.48
DjadjaThomas,1,2,70,2,32,.01,.02,16.00
Donald28899303,1,303,1604,5,0,.01,.18,0
DonnaBrentling1,0,1,55,1,0,0,.01,0
DonnaM53881887,0,732,1425,771,179,3.55,.51,.23
DonnaMc60424639,0,806,256,44835,57001,188.38,3.14,1.27
DormanDenise,0,127,291,229,1807,1.09,.43,7.89
DrRobotNik2014,0,8,196,14,29,.04,.04,2.07
Drewalan3aolco1,1,4,9,25,3,.23,.44,.12
DuMarple,1,716,3571,4,6510,.01,.20,1627.50
DudeIndependent,0,23,91,80,2631,.29,.25,32.88
DylangrossOH,0,4,79,2,16,0,.05,8.00
Dylanshea8,1,0,16,1,0,.01,0,0
DymekJessica,1,3,143,24,137,.12,.02,5.70
E32526351,0,1,106,45,287,.10,0,6.37
E68127224,0,20,297,174,2526,1.06,.06,14.51
EFwPz8eyx4HKBzC,1,11,68,3,5,.03,.16,1.66
EKM0fAD2v2n4Cbj,1,7,322,15,3,.06,.02,.20
EPockles,0,0,61,13,9,.03,0,.69
E_Hartley_STL,0,44,298,82,307,.30,.14,3.74
EastMOLaborers,0,156,417,414,102,1.05,.37,.24
EconomyDem,0,53,502,1330,428,2.92,.10,.32
EddieSm16457860,1,10,110,3099,587,19.49,.09,.18
EdgyGuy4,0,126,605,1429,1750,11.43,.20,1.22
EffenBarnett,1,1780,3116,858,732,3.51,.57,.85
ElToro75732917,0,55,197,3736,3321,10.09,.27,.88
ElectricTufts,0,55,422,129,40,.46,.13,.31
ElenaHrvt,0,132,237,86,364,.60,.55,4.23
ElesRufus,0,309,213,2179,2250,6.52,1.45,1.03
Elisa64908562,1,23,736,430,2351,2.63,.03,5.46
ElizabethRegard,0,4,103,4,2,.02,.03,.50
ElmirHasay,1,4,75,6,44,.04,.05,7.33
ElricMitsumi,1,4,67,45,129,.33,.05,2.86
Elyssebeth1,1,21,181,637,503,1.96,.11,.78
EmadSal11090476,1,1000,2604,41,579,.24,.38,14.12
EqualityLiberal,0,58,261,226,136,1.48,.22,.60
EricRus91537683,1,1917,3813,1053,1255,8.10,.50,1.19
EricaFor96,0,230,182,48,70,.11,1.26,1.45
Ericdon71253333,1,153,2025,1,4,0,.07,4.00
ErikanboneM,0,11,49,2,7,.01,.22,3.50
ErinWri73790413,0,21,51,8,202,.03,.41,25.25
Esandman2,1,1413,5002,1429,1289,3.41,.28,.90
EspositoJonni,0,3370,4126,1815,2196,4.40,.81,1.20
Estelle96357317,1,3,166,1150,479,5.34,.01,.41
EvanPCade,0,47,230,266,2517,1.27,.20,9.46
FFewou,1,0,14,1,1,0,0,1.00
FNACtweets,0,1,34,10,0,.08,.02,0
FU18826999,1,5,46,6,23,.03,.10,3.83
FWhqv,1,133,801,282,14946,1.06,.16,53.00
FYYFF99,0,687,966,1393,1224,3.34,.71,.87
Fancy_Phase,0,2,60,8,50,.02,.03,6.25
Farmer31548981,0,763,2237,1121,170,5.77,.34,.15
Felixra18471630,1,284,1495,13,1409,.04,.18,108.38
FindingGraceMin,0,17,152,19,11,.05,.11,.57
FjShopping1,1,22,282,9,28,.09,.07,3.11
FlaugherHannah,0,11,39,33,155,.18,.28,4.69
Flave56570391,1,1,24,1,0,0,.04,0
FlippingFurious,1,2,194,33,96,.22,.01,2.90
FloridianQueer,0,11,294,1,0,0,.03,0
Floyd01739023,0,2576,3574,3181,0,9.49,.72,0
ForMissouri,0,203,110,300,395,1.33,1.84,1.31
ForckLindsey,0,7,67,59,64,.21,.10,1.08
ForgiveForget9,0,28,761,951,727,3.02,.03,.76
FoundOne14,1,151,213,5488,6210,31.54,.70,1.13
FoxtrotOscar59,1,594,1149,4057,4901,19.59,.51,1.20
FragranceL7,0,40,1084,6,4,.03,.03,.66
FrancesBrumley1,0,5,53,4,127,.04,.09,31.75
FrankSm73679168,1,1305,2206,49,703,.18,.59,14.34
FranklynMonica,1,44,320,53,391,.28,.13,7.37
FrasierReggie,0,53,903,3,2,.01,.05,.66
FredTrumpsGhost,1,133,363,1156,1171,8.25,.36,1.01
Frederi01322054,1,64,485,385,2386,2.75,.13,6.19
Froggy93469850,1,12,26,1260,2084,4.06,.46,1.65
FrontHoler,1,464,2996,208,7331,.96,.15,35.24
FullerIAH,1,1769,2443,2385,8871,12.75,.72,3.71
FuryVon,1,18,229,101,119,.42,.07,1.17
GISELLA47184822,1,157,824,366,116,3.23,.19,.31
GMuhyool,1,8,106,5,20,.05,.07,4.00
GUsecuritypod,1,40,28,33,0,.25,1.42,0
GabeKornell,0,60,454,1651,879,5.50,.13,.53
GabrielPDavila,0,7,121,18,138,.13,.05,7.66
Gaksp21,1,72,1601,14,69,.12,.04,4.92
Garyly91,0,298,1079,380,344,1.47,.27,.90
GayVoice,0,793,1011,2734,23216,6.31,.78,8.49
GenderVe,0,470,412,96,66,.97,1.14,.68
GeneHarmon12,0,126,141,1110,4354,2.53,.89,3.92
GiantValerya,1,172,1172,94,0,.55,.14,0
Gigi13141,1,127,635,4388,10560,23.34,.20,2.40
Gil4Colorado,1,685,2278,6685,9518,18.72,.30,1.42
GinnyWilliams4R,0,148,190,8629,9129,19.21,.77,1.05
Glenhorton17,0,31,170,98,1117,.29,.18,11.39
GlennGlenndale,1,1170,1510,211,50,1.26,.77,.23
Glizzy61401251G,0,450,1327,500,411,2.51,.33,.82
Gmot42BAWDkn3YC,1,1,181,2,1310,.02,0,655.00
God_Bless_MAGA,0,198,591,20,21123,.07,.33,1056.15
GoodvsEvil247,1,258,412,4468,9260,10.46,.62,2.07
Gooeybutter1234,1,130,258,10127,8549,30.13,.50,.84
Gorica81260447,1,3,31,25,71,.14,.09,2.84
Graca48782071,1,9,47,4,0,.02,.19,0
GradAssist_Phys,0,180,689,8,7,.02,.26,.87
GrantyKennedy85,1,25,204,472,546,3.00,.12,1.15
GrazingHorses,1,79,199,702,535,6.88,.39,.76
GregGebert1,0,14,445,57,281,.55,.03,4.92
GregLucey1,0,46,173,268,549,.70,.26,2.04
GregRic11489976,0,966,1710,4995,5182,13.21,.56,1.03
GriffinNamin,0,244,951,564,3057,2.02,.25,5.42
GuntherGill,0,4522,4963,12262,25679,38.55,.91,2.09
GySanders,0,2237,2538,848,882,1.94,.88,1.04
H2448Mikey,0,113,311,1712,4589,5.70,.36,2.68
HAROLDLMILLIGA1,1,13,268,61,65,.35,.04,1.06
HagnauerJanet,0,127,190,14,140,.03,.66,10.00
Hamza72825138,1,5,99,1,6,.01,.05,6.00
HangLwae,1,27,352,2,8618,0,.07,4309.00
HannahRettke,0,36,51,27,79,.08,.70,2.92
HansJMaverick,0,3206,4481,2551,5929,5.83,.71,2.32
HardFactorWill,0,1093,399,731,3969,2.13,2.73,5.42
HarisHa99633450,1,2,45,7,15,.06,.04,2.14
HarrisonSieck,0,51,1371,19,1330,.04,.03,70.00
HassanNajem19,1,2,51,11,20,.09,.03,1.81
HeartlandChris,0,3977,5025,37020,42346,86.69,.79,1.14
Heather84419638,0,24,71,61,164,.20,.33,2.68
HeatherDwight,1,8,52,58,486,.23,.15,8.37
HeatherM_James,0,8,92,20,85,.05,.08,4.25
HeleneRichman,0,21,508,96,568,.53,.04,5.91
HiSpeedWobbles,0,2479,2993,5781,11615,18.46,.82,2.00
Hicks5Garrett,1,70,1546,1092,106,2.95,.04,.09
Hillbil50167660,1,1207,1809,3537,2669,30.49,.66,.75
HoggDoubleGs,0,96,232,134,2426,.43,.41,18.10
HoldenRicker,0,57,484,480,138,1.55,.11,.28
HomoEconomicu19,0,99,1317,185,1132,1.01,.07,6.11
HonDaDon1,1,0,13,1,0,0,0,0
HonorableDanny,0,52,116,131,55,.62,.44,.41
HoshamJalal,1,7,83,43,7,.32,.08,.16
Hrybtmbear1,1,1,71,1,7,0,.01,7.00
HuckabaRichard,0,1,140,1,112,0,0,112.00
Huddy_up,0,32,292,125,136,.33,.10,1.08
HughJan89969832,1,2,54,2,0,.01,.03,0
HunterDStanley,0,58,739,241,1072,.64,.07,4.44
HunterWotruba,1,1,112,2,2,.02,0,1.00
HurdSeth,0,52,187,121,128,.62,.27,1.05
IDoMatter1,1,0,142,22,5,.11,0,.22
IGORGONCHAR1,1,30,380,818,591,4.70,.07,.72
IamalphagoldG,1,31,264,8,217,.03,.11,27.12
IanMacD06378293,1,1841,2448,1284,352,5.58,.75,.27
Ibjimbob1,1,0,3,1,0,.01,0,0
Ikibao1,1,1,70,233,344,1.04,.01,1.47
InterestingDayz,0,436,1139,1421,2039,3.78,.38,1.43
Irishredhead201,1,2867,4737,692,2109,2.33,.60,3.04
IsaiEscobarAZ,1,220,1634,3192,41423,9.06,.13,12.97
IstiakAfnan,1,26,375,39,229,.29,.06,5.87
ItsGiannaLewis,1,1339,1775,1378,2504,8.72,.75,1.81
J388Patrick,1,1853,4550,7290,7775,36.63,.40,1.06
JBenyima,1,7,121,43,18,.32,.05,.41
JDPlatte,0,81,270,742,1391,2.65,.30,1.87
JDubChuck24,0,17,118,195,441,.69,.14,2.26
JLabravinci,1,0,55,1,43,.01,0,43.00
JTollson,0,4,65,26,10,.08,.06,.38
JW2xnXnxblEe5uQ,1,97,304,1817,8877,5.28,.31,4.88
J_Rasich,0,25,109,113,726,.26,.22,6.42
JackRideout5,0,111,530,673,925,3.73,.20,1.37
JacobDVoegtly,1,3435,5003,6511,6950,29.19,.68,1.06
JacquelynneLyn1,1,12,839,1,466,0,.01,466.00
JadedBella1,0,79,696,68,257,.44,.11,3.77
JaikubN713,0,34,171,3170,1350,6.99,.19,.42
Jaime83914324,1,6,260,77,152,.19,.02,1.97
JairusMatthias,0,208,610,1857,1610,8.63,.34,.86
Jake_Brown_2,0,14,64,47,94,.13,.21,2.00
JakobTRX,1,27,672,48,93,.36,.04,1.93
James77057910,1,65,144,1110,9753,2.58,.45,8.78
JamesBe60030545,0,3,80,6,13,.02,.03,2.16
JamesHa90637706,0,612,125,144,285,1.14,4.89,1.97
JamesHo80104663,1,1887,3302,313,7252,1.51,.57,23.16
JamesShoate,0,385,502,1371,3397,3.71,.76,2.47
JamesVetMAGA,1,2948,4596,4463,4870,12.36,.64,1.09
James_Steiner_V,0,2539,2972,9659,11643,25.48,.85,1.20
Jamie32106600,0,16,228,9,15,.02,.07,1.66
JanMinear,1,173,656,2284,25588,8.65,.26,11.20
Janik52Jaras,1,0,23,12,0,.09,0,0
Jason8568,1,0,68,1,4,.01,0,4.00
JasonLo51341903,0,208,783,26118,64,58.69,.26,0
JasonWi08472309,1,4,96,3,19,0,.04,6.33
JaynahBrilynne,0,11,284,4,2,0,.03,.50
JeanetteDenise2,0,2473,2826,4639,13991,15.72,.87,3.01
JediPreist,0,2567,4093,2603,4911,11.88,.62,1.88
JeffMRealtor,1,1428,4920,3072,4581,15.83,.29,1.49
JeffersonCoGOP,0,58,78,15,9,.05,.74,.60
Jen22z,0,14,107,14,407,.03,.13,29.07
JennasRedPill,1,692,653,19733,25373,102.24,1.05,1.28
JennyFergusonKC,0,5,32,2,1,0,.15,.50
JeremiahWolfe14,1,63,1186,3,3,0,.05,1.00
JeremyStocks1,0,291,731,2257,373,8.14,.39,.16
JerryCova_,0,719,3724,159,2856,.53,.19,17.96
JerryQuillman,1,35,199,18,5883,.06,.17,326.83
Jess89013904,1,59,250,824,5721,2.09,.23,6.94
JessePresley9,1,560,1001,6342,140,18.76,.55,.02
Jessica37792236,1,502,4249,13,55,.03,.11,4.23
Jessica91022050,0,4,94,12,29,.03,.04,2.41
Jessilive55,1,153,709,2445,3381,11.75,.21,1.38
Jett_Venancia,1,18,408,77,711,.21,.04,9.23
Jfv_golftr,0,93,308,480,1255,1.22,.30,2.61
JillBrockj,1,6,57,3,3,0,.10,1.00
JimmyWaitemon1,1,86,508,188,132,1.26,.16,.70
Jkpol2,1,3,280,258,53,.60,.01,.20
JmorFinancial,1,2,40,66,0,.39,.05,0
Jo_Mama_72,0,4220,4995,1976,22247,8.94,.84,11.25
JoanOfArc25,0,7,733,23,51,.05,0,2.21
JoeC_103percent,1,3264,4343,14226,14064,35.47,.75,.98
John64186674,0,5,145,20,31,.04,.03,1.55
John74485509,0,18,68,283,1218,.79,.26,4.30
JohnBel26211519,0,967,1123,786,1285,4.39,.86,1.63
JohnDoe_Tweets_,1,70,2351,230,40,1.34,.02,.17
JohnMarkDiaz10,1,789,4783,74,4,.40,.16,.05
JohnRimmerJr2,0,3022,4092,7358,11909,18.39,.73,1.61
JohnWillmon6,0,7533,8208,15100,13611,47.78,.91,.90
John_Fleck1957,0,29,257,14,98,.03,.11,7.00
Johnaingram57,0,20,101,530,191,1.54,.19,.36
Johncoo36014151,0,115,75,587,19660,1.45,1.53,33.49
JohnnyBelinda63,1,250,1197,4699,8579,25.12,.20,1.82
JohnnyR25232021,0,1,81,1,1,0,.01,1.00
JonLBranning,1,86,522,110,353,.36,.16,3.20
JonahvanD,1,101,2506,708,2081,2.26,.04,2.93
Jonatha07578375,0,0,40,8,0,.04,0,0
JonathanVegaSr,0,11,154,28,58,.17,.07,2.07
JoniPerry4MO,0,91,340,135,211,.35,.26,1.56
JordanM21341864,1,91,3158,4,4,.01,.02,1.00
Jorju5,1,130,404,3108,5382,7.09,.32,1.73
Jose73778707,1,169,1565,236,7790,.97,.10,33.00
JoseBarua6,1,9,101,1,7,0,.08,7.00
Josh12807037,0,44,219,372,1712,1.38,.20,4.60
Josh4Dist150,0,82,340,73,17,.19,.24,.23
Joshua56123898,0,9,57,55,542,.13,.15,9.85
Joshua76847880,1,17,98,19,3,.13,.17,.15
JosliaSdaSilva1,0,2816,2687,39235,25334,162.12,1.04,.64
JrL005,0,34,54,67,329,.19,.62,4.91
JudgeDebate,0,141,421,1568,10401,4.59,.33,6.63
JudyAnd80564512,1,208,293,8636,5822,29.67,.70,.67
JudyE2018,0,168,440,1847,4604,4.46,.38,2.49
JulianCastro_20,0,845,3284,720,339,4.31,.25,.47
JulieStull3,1,30,52,131,2822,.69,.57,21.54
Justify42727513,1,10,594,63,23,.35,.01,.36
JustinParadies,0,25,159,104,2438,.36,.15,23.44
JustinRone5,0,8,85,5,17,.03,.09,3.40
KCConsumer,0,9,328,0,106,0,.02,10600000.00
KJVexx,0,364,2286,2093,1910,15.97,.15,.91
KJohn993,0,63,537,117,394,1.15,.11,3.36
KOTampa2020,0,300,813,2447,6577,11.70,.36,2.68
KainRuiz2,1,5,351,11,24,.09,.01,2.18
KalebSchutt16,1,97,1592,156,534,.50,.06,3.42
KamalaForUSA,0,13,138,104,12,.79,.09,.11
KaraWurtz,0,57,155,190,357,.76,.36,1.87
KarenEd71192071,0,124,375,7311,6544,22.56,.33,.89
KarisKairos2,0,2916,3730,41588,8701,358.51,.78,.20
Kat37606259,1,4,141,9,40,.06,.02,4.44
KatNovella,0,13,121,123,1025,.31,.10,8.33
KatherineHeinz3,0,22,69,292,743,.66,.31,2.54
Kathlee33333333,0,220,320,1786,2144,3.90,.68,1.20
KathleenMuenz,0,25,104,40,5529,.09,.24,138.22
KavanaughPerju1,1,64,590,723,1307,3.88,.10,1.80
KayRoseUSA,1,2850,3221,6411,3739,16.52,.88,.58
Kaytlyn75978900,0,28,229,46,537,.24,.12,11.67
KellBelleMom,1,502,4931,8503,10993,44.75,.10,1.29
Kelly4Missouri,0,22,58,85,18,.47,.37,.21
KellyG29240684,1,3,32,19,169,.19,.09,8.89
KelseyTuoc,0,2310,170,575,1316,1.98,13.58,2.28
KendaKei,1,1,5,19,67,.16,.20,3.52
KennehVasekou,1,11,308,16,9,.10,.03,.56
KentNickles,1,504,1440,7480,40577,16.77,.35,5.42
KevinBa39923363,1,1,33,61,63,.32,.03,1.03
KevinPopeSTL,0,10,315,5,5,.01,.03,1.00
Kevintthomas2,1,61,266,546,158,2.73,.22,.28
KfiwrEKREaiC9gV,1,3,56,3,4,.02,.05,1.33
Khalid88400692,1,2,72,6,10,.06,.02,1.66
KhalilK48214454,1,16,273,1,6,0,.05,6.00
Kiana11553730,1,7,77,24,13,.22,.09,.54
KimWatkin2,0,11,566,3,11,0,.01,3.66
Kimberl39017346,1,128,783,4445,14895,23.03,.16,3.35
KimberlyJoyMcB,0,59,363,342,1217,2.42,.16,3.55
KirkGoodman8,1,7,45,68,629,.28,.15,9.25
Kizzybaby7,0,1,76,2,3,.01,.01,1.50
KnowitA70657399,0,215,446,553,1016,3.07,.48,1.83
KohnLance,1,9,326,15,60,.03,.02,4.00
KommaKozzie,0,138,287,1787,1728,5.93,.48,.96
Kriss4Wisconsin,0,923,891,653,1336,1.58,1.03,2.04
Kristin13711792,0,6,114,5,11,.01,.05,2.20
KtkBatoor,1,2,59,3,6,.02,.03,2.00
Kwamebrownsnut1,1,10,243,314,100,2.12,.04,.31
Kyle51190482,0,155,1162,212,1561,.46,.13,7.36
KyserSteven,0,15,193,117,533,.27,.07,4.55
LCMODemocrats,0,104,200,227,230,.60,.52,1.01
LFIMIKE,0,2321,3436,3314,5135,9.05,.67,1.54
LaLloro07393118,0,191,493,1214,12058,7.35,.38,9.93
LaceyHirsch1219,0,41,149,42,161,.10,.27,3.83
Laniegibgmailc1,0,504,1416,3716,2502,20.99,.35,.67
Latoya58393546,1,2,205,51,30,.16,0,.58
LauraJFiveO,0,53,222,31,2144,.11,.23,69.16
LaurieS15531111,1,5,248,33,40,.08,.02,1.21
LawOfficesofCh5,0,115,390,83,23,.26,.29,.27
LayLoGroTheFro,1,8,811,325,1063,1.19,0,3.27
LeagueTruth,0,130,511,2523,45371,8.06,.25,17.98
LeeJParker,0,52,485,638,3081,1.57,.10,4.82
LekeishaMitche1,0,5,103,10,10,.05,.04,1.00
Leo56285540,1,0,36,8,9,.07,0,1.12
LettersToVoters,1,1795,1735,347,518,1.59,1.03,1.49
LiUNA660,0,107,178,391,30,.99,.60,.07
LiUNA829,0,136,260,376,30,.95,.52,.07
LibbyMae14,1,999,2052,8271,8715,20.62,.48,1.05
LibertySLLC,0,1515,1688,1381,1554,6.39,.89,1.12
LieBusterSleuth,1,885,1055,20592,12264,45.25,.83,.59
LiebmannOf,0,6,30,7,65,.01,.20,9.28
LindaJo70400648,0,2362,3369,15323,17771,35.06,.70,1.15
LisaRunner4,0,1938,3509,985,7489,3.29,.55,7.60
Lisathelake1,1,1,17,3,139,.01,.05,46.33
LobbyistC,0,23,155,254,54,.86,.14,.21
LoufouahC,1,3,59,2,3,.02,.05,1.50
LouiseLowrey,1,306,611,942,1551,3.60,.50,1.64
LovesRemo,0,18156,18951,14173,13576,42.56,.95,.95
Lowman4MO,0,52,293,80,286,.20,.17,3.57
LtndSt2FBZ0Vi77,1,0,66,8,3,.08,0,.37
LynnRiordan2,0,661,1605,10459,15716,43.57,.41,1.50
M68Tony,1,20796,22357,9006,3762,36.90,.93,.41
MAGAMikeG1,0,2604,2805,2259,395,12.14,.92,.17
MBAGWU20161,1,17,70,1232,173,7.12,.24,.14
MBStidham,0,138,420,187,758,.51,.32,4.05
MCClownpenis,1,33,416,1088,2811,2.77,.07,2.58
MCXSigSauer,1,494,946,431,4949,3.84,.52,11.48
MDeschamps13,1,96,312,5158,8862,27.88,.30,1.71
MERRYCH42635192,1,0,16,4,0,.04,0,0
MKhaninezhad,1,0,59,1,8,.01,0,8.00
MMarcusbullard,0,27,133,20,116,.13,.20,5.80
MO_Feeds,0,3,121,2,0,0,.02,0
MOpoliticsMEMES,0,10,80,13,4,.06,.12,.30
MaciEntertained,1,4458,4154,2531,3462,5.80,1.07,1.36
MadianMatar,1,1,65,1,4,0,.01,4.00
MagaJoe1,0,59,190,56,2213,.19,.31,39.51
Magaman1337,1,33,169,478,500,2.77,.19,1.04
Mahamad20250940,1,41,539,19,76,.15,.07,4.00
MahgdalenRose,0,28385,713,6938,13531,16.59,39.81,1.95
MakDaddy1998,0,29,98,25,298,.19,.29,11.92
Malik55gm,1,417,2391,247,1124,1.72,.17,4.55
MalikUs34213295,1,1,71,5,83,.05,.01,16.60
ManningJamesKy1,0,6,72,8,3,.02,.08,.37
MaraTudor1,0,33,289,210,1795,.87,.11,8.54
MarcelloDiMaio,0,3,45,49,207,.19,.06,4.22
MarieAbouo,1,291,1636,115,2041,.26,.17,17.74
MarkFer06577607,1,308,1266,5,0,.02,.24,0
MarkHovis42,0,333,1011,2266,14237,6.02,.32,6.28
MarkTho70412994,0,496,327,27685,3888,120.36,1.51,.14
MarrinerDiane,1,486,4911,147,6130,.56,.09,41.70
Marsha07559363,0,103,453,12800,13970,40.63,.22,1.09
MartinMarao,1,17,704,14,1489,.06,.02,106.35
Mary69444766,0,3,122,16,91,.06,.02,5.68
MaryBelow1,0,35,153,88,90,.24,.22,1.02
MaryChenevert,0,1306,828,5091,57884,20.12,1.57,11.36
MattTheBart,0,2716,4247,14,306,.03,.63,21.85
MatthewLeoKell1,1,23,189,403,619,3.47,.12,1.53
MatthewWKolb,0,106,523,424,3330,1.43,.20,7.85
Matthew_Stross,0,24,135,6,3,.01,.17,.50
MaxSarvello,0,108,296,72,1807,.18,.36,25.09
MayaLVela,0,77,155,238,499,.53,.49,2.09
Mbeekmanrea1,0,1932,2780,7688,14339,17.79,.69,1.86
Me86793059,1,3897,4996,61342,68667,142.32,.78,1.11
MedfordBrown,1,39,924,253,162,.58,.04,.64
Mello2209,0,112,720,2098,1298,5.23,.15,.61
Mermaid7474,0,7896,6350,58579,75397,133.43,1.24,1.28
MettlerLaw,0,13,186,5,4,.01,.06,.80
MeyerWill16,0,81,43,16,75,.05,1.88,4.68
MfoubouZylia,1,1,36,2,17,.02,.02,8.50
MhakaPlaxedis,0,27,81,167,976,1.45,.33,5.84
Michael00100661,0,4,101,6,20,.03,.03,3.33
Michael07604325,0,246,873,1542,46,4.16,.28,.02
Michael74458430,1,1862,4846,566,915,1.93,.38,1.61
MichaelAwley,0,25,247,137,289,.74,.10,2.10
MichaelHallas3,1,1,22,4,18,.04,.04,4.50
MichaelHauge13,1,10,156,45,113,.28,.06,2.51
MichaelWMorris6,1,1909,3733,4032,5920,11.38,.51,1.46
Michael_Froedge,0,300,520,401,1301,1.26,.57,3.24
MidMOGOP,0,334,649,131,167,.40,.51,1.27
MidouKing8,1,5,183,2,0,.01,.02,0
MiesZon,1,55,83,2730,5872,7.54,.66,2.15
Miharbi9111,1,5,72,24,87,.05,.06,3.62
MikeDYeaThatsMe,1,22,790,6,44,.01,.02,7.33
MikeLee25503369,1,52,640,8427,2992,31.68,.08,.35
MikeMulumba10,1,29,473,15,182,.13,.06,12.13
MikeRevis97,0,95,110,11,121,.06,.86,11.00
MinarchistArmy,0,41,192,217,68,1.76,.21,.31
MindStrength7,1,0,4,7,0,.05,0,0
MionTogba,1,13,236,1,1,0,.05,1.00
MissouriRepub,1,3,22,7,2,.04,.13,.28
MitchKRCG,0,7,63,5,0,.01,.11,0
Mizzou_FedSoc,0,52,326,220,228,.65,.15,1.03
Mnazeer76189896,1,1,19,3,1,.02,.05,.33
MoPopskull,0,3133,3175,21411,20487,50.85,.98,.95
MobsNo,0,211,262,372,191,.91,.80,.51
ModConMovement,0,24,240,80,1461,.23,.10,18.26
Mohamme43720576,1,5,62,33,20,.34,.08,.60
Mohamme78040047,1,1,85,5,9,.05,.01,1.80
MoiNAshfAQ1,1,10,55,2,16,.02,.18,8.00
MomBoss331,1,9,405,1,4,0,.02,4.00
Moon71231048,1,2396,4490,6876,11797,23.79,.53,1.71
Moxie_Maee,0,118,426,376,5322,2.36,.27,14.15
MrIraBorton,1,25,159,825,1460,2.03,.15,1.76
MrSmith45560271,1,11,211,1025,104,6.83,.05,.10
MsJettexas,0,747,1073,4445,6894,10.03,.69,1.55
MsParker1293,0,0,88,1,24,0,0,24.00
Ms_Powers_ISD,0,55,160,70,323,.28,.34,4.61
MufferawJ,1,15,122,175,75,.94,.12,.42
Murph9323,1,15,262,765,4139,1.84,.05,5.41
MusengaY,1,6,64,2,3,.02,.09,1.50
Mustafa02075714,1,1,95,2,3,.02,.01,1.50
MustafaJumale,0,318,1060,829,1170,2.22,.30,1.41
MyBoiJimmyD,1,4647,5113,64793,87279,147.92,.90,1.34
Mya97088402,1,11,698,5,2,.03,.01,.40
NDXC2015,0,94,231,244,2106,1.37,.40,8.63
NMabama,1,1,56,1,0,0,.01,0
NYH39381841,0,2,63,1,1,0,.03,1.00
NadeemG60106791,1,0,7,1,1,0,0,1.00
Nainah59309095,1,1,127,1,10,0,0,10.00
NajeraWolcott,0,19,106,95,351,.40,.17,3.69
Najir04704880,1,2,92,11,2,.04,.02,.18
NanaAmaBlackGo1,1,23,203,6,37,.04,.11,6.16
NancyDrew_NY,1,188,711,4792,9423,18.43,.26,1.96
NancyEllie1,1,33,606,5,2,.03,.05,.40
NasirIq94095434,1,27,294,118,3378,1.06,.09,28.62
NateStan99,0,43,889,25,1017,.10,.04,40.68
NathanCoatneyMO,0,23,54,22,13,.17,.42,.59
NationGarza,0,304,534,592,4926,1.69,.56,8.32
NavalInfantry,0,2187,1174,4326,40193,12.08,1.86,9.29
Naveedu27930156,1,3,124,1,18,0,.02,18.00
Nay0583296532,0,30,127,863,4635,8.14,.23,5.37
Naylorjack88,0,20,143,337,590,.77,.13,1.75
NeatNeature,1,13,312,89,0,.23,.04,0
NeeceMaryAnn,0,42,105,2645,11074,11.02,.40,4.18
NeriRadford,0,736,1916,627,936,2.83,.38,1.49
NicholasRaffa,0,17,237,276,104,1.42,.07,.37
NickAllman_DF,0,8,109,6,123,.02,.07,20.50
NickCMadsen1,1,9,231,2,0,.01,.03,0
NickGerling1,1,28,263,56,166,.12,.10,2.96
NicoleMancuso13,0,5,91,14,10,.12,.05,.71
Nikki23256576,0,215,1757,194,537,.99,.12,2.76
NinjaTrack1,1,45,810,376,1231,2.55,.05,3.27
Nipox1,0,10,65,13,103,.11,.15,7.92
Nirajan12421497,1,38,198,3,1,.03,.19,.33
NjiyamI,1,38,712,14,1,.12,.05,.07
NkcOf,1,3,32,6,26,.04,.09,4.33
NoreenLWebster,0,106,132,190,709,.42,.80,3.73
NotYourQuota,1,43,466,374,349,2.04,.09,.93
NyakumMamudu,1,24,414,1,10,0,.05,10.00
OElmorabete,1,36,1196,33,119,.22,.03,3.60
OHStudentsforGL,1,685,2263,2827,13406,8.14,.30,4.74
Okinawa_1945,0,57,137,178,592,.83,.41,3.32
OliviaSkeans,0,128,189,488,2772,1.18,.67,5.68
OnurBalci14,1,288,979,16962,16617,58.89,.29,.97
Orangemadness3,1,2,22,3,11,.03,.09,3.66
OseiJustice20,1,5,90,1,4,0,.05,4.00
OumarDjiguimde,1,16,188,5,35,.04,.08,7.00
OutsideObserve5,1,21,109,1213,9468,7.58,.19,7.80
OwdensMama,0,614,781,10997,19443,46.59,.78,1.76
OzarkDailyNews,1,8,45,202,71,.76,.17,.35
PBandJPod,0,28,335,194,213,1.40,.08,1.09
PJones1776,0,233,181,4267,10695,24.66,1.28,2.50
PO66132234,0,3293,4956,50149,7582,125.37,.66,.15
Pam58622393,0,714,1257,4635,22414,14.57,.56,4.83
Pamela67984476,1,647,3345,173,200,.39,.19,1.15
ParaGlover,0,25,238,22,132,.05,.10,6.00
ParizWin,1,17,590,1,1,0,.02,1.00
PatriotCJ,1,1492,2558,1294,1183,7.10,.58,.91
PatriotQAnon,1,1561,2792,6244,7169,16.60,.55,1.14
PatriotRain,0,2338,3520,3012,1347,7.62,.66,.44
PatriotsPraying,1,144,305,186,4619,.75,.47,24.83
PatsyResists,0,19847,12077,70413,119339,211.45,1.64,1.69
Paul95463122,1,176,567,1663,3315,9.29,.31,1.99
PaulCockerham7,0,491,911,2549,2603,14.99,.53,1.02
PaulaBrown2018,0,184,533,213,274,.60,.34,1.28
Paulieschmidt,0,16,22,4,0,.01,.72,0
Pedro49996338,1,0,55,1,7,0,0,7.00
PellPiper,0,70,238,144,22751,1.28,.29,157.99
Perrin55Chris,0,420,969,4390,10675,20.23,.43,2.43
Pete45101189,1,0,40,18,0,.08,0,0
PeterTrabaris,1,8,335,501,189,2.40,.02,.37
Photogal51,1,86,825,5328,15953,40.67,.10,2.99
PicturesHamster,1,41,921,37,234,.09,.04,6.32
PiepenburgSusan,0,111,244,158,416,.39,.45,2.63
PiliatedW,1,66,840,881,2554,4.15,.07,2.89
PillLlc,1,8322,9142,18220,17710,60.13,.91,.97
Pixiewashere1,0,65,209,4560,3741,15.51,.31,.82
Plus1_Vote,0,1438,955,621,1491,3.16,1.50,2.40
PoliticBlabber1,0,3,264,125,13,.57,.01,.10
PolitikalJoker,0,54,409,297,506,2.00,.13,1.70
Polliticrunch,1,1018,895,170,0,.46,1.13,0
PomeroyLuke,0,27,669,64,118,.16,.04,1.84
PotwaO,1,362,4140,498,87,2.89,.08,.17
PowellNelson9,1,89,1518,19,478,.12,.05,25.15
Prashanthyprash,1,1,59,2,15,.01,.01,7.50
Professorkaryn1,1,0,136,1,33,0,0,33.00
Pstarkz,0,12,75,7,5,.05,.16,.71
Publius_I,0,189,454,1176,746,3.31,.41,.63
PuddinCusp,0,2672,4863,13688,45361,29.95,.54,3.31
PunkGrlPolitics,0,2,33,20,29,.06,.06,1.45
PurdueFan64,1,1,40,15,11,.08,.02,.73
PyleKarla,0,79,167,755,2500,3.57,.47,3.31
QAria131,1,196,366,3973,5963,16.55,.53,1.50
QBlueSkyQ,0,22885,19656,17542,48686,40.70,1.16,2.77
Qstorm1969,1,147,566,1496,1472,3.65,.25,.98
RGop777,1,7,129,2,13,0,.05,6.50
RVAPhotoGirl,0,671,829,2464,8888,9.05,.80,3.60
RabbyAdiana,1,20,785,14,169,.05,.02,12.07
RachelRubins,1,9,57,20,72,.08,.15,3.60
RacoonSquadron,0,306,1686,25081,8193,115.58,.18,.32
RadicalEmpathy_,0,227,389,563,2904,3.11,.58,5.15
Rahil93022067,1,4,114,95,139,.73,.03,1.46
RalphCummins1,1,3,120,2,144,.01,.02,72.00
RalphKeenan8,0,235,637,327,353,2.63,.36,1.07
Randall87159098,0,737,1510,697,889,1.85,.48,1.27
RandyBowden11,1,6,73,21,186,.14,.08,8.85
RaphyJacobson,0,25,105,138,2034,.47,.23,14.73
RapskeDon,1,266,611,524,85,4.03,.43,.16
Rascalsfan76,1,100,1118,24188,13401,86.07,.08,.55
Raytown_MNEA,0,13,67,7,6,.01,.19,.85
RealDanHo,0,30,168,223,947,.74,.17,4.24
RealMonetti,1,58,27,25,14,.07,2.14,.56
RealTruth_Anon,0,2492,2857,15870,20869,45.34,.87,1.31
Real_SweetT,0,248,596,1553,3014,5.56,.41,1.94
RealtorSnow,0,46,476,27,9,.17,.09,.33
RedPilLightBriT,0,397,714,2131,3177,4.86,.55,1.49
RedWave2018,0,213,262,753,836,1.65,.81,1.11
Redf0c51,0,1957,4963,5156,19675,34.83,.39,3.81
Reed19685944,1,57,227,2145,1318,5.29,.25,.61
Reid3James,0,65,316,263,8961,1.77,.20,34.07
RemainSilentNO,1,21,375,60,1,.15,.05,.01
Rep_Author,0,5,72,38,94,.22,.06,2.47
ResistTheElites,1,144,748,5430,8175,18.65,.19,1.50
ResponderLast,0,6,163,6,1,.04,.03,.16
Rey71769543,0,14,440,87,97,.21,.03,1.11
Richard96169121,1,42,204,30,207,.23,.20,6.90
RicheArmando,1,0,77,3,0,.02,0,0
Rick74537982,1,1,167,5446,0,34.91,0,0
Rickgilliland31,1,153,748,105,2078,.61,.20,19.79
Rickmar25381617,0,241,88,10424,53576,45.51,2.73,5.13
RightThing8,0,223,393,482,812,1.80,.56,1.68
Right_Rec,1,26,217,14,2,.12,.11,.14
RitaKhosla5,1,11,478,668,953,2.12,.02,1.42
RizwanM71262100,1,1,70,11,9,.04,.01,.81
RobbyPatrick4,1,5,87,9,11,.04,.05,1.22
Roberto51943190,1,260,3899,24,0,.12,.06,0
RonLandis9,0,18,429,12,568,.06,.04,47.33
RonaldH48506785,1,6,330,361,401,1.88,.01,1.11
RossMcDowell8,1,20,55,78,303,.43,.36,3.88
RowshanMan,1,1,49,6,25,.06,.02,4.16
RoyalsFanMo,0,5,90,70,34,.15,.05,.48
RuaneTimothy,1,685,2568,4927,4545,27.07,.26,.92
RunnelsBill,1,2,23,1,1,.01,.08,1.00
Russell34905919,1,30,540,838,8399,4.81,.05,10.02
Russvoght10,0,18,207,109,19,.50,.08,.17
RustyButtons2,1,63,460,536,534,5.36,.13,.99
RuthBla14110432,0,164,611,833,4076,2.72,.26,4.89
RyanFrisbie2,0,20,296,72,36,.40,.06,.50
RyanKaine2,0,8,388,43,304,.23,.02,7.06
Ryan_259,1,38,986,55,209,.17,.03,3.80
S3tWJkpcujQftZA,1,43,562,139,831,1.23,.07,5.97
SAgenda1776,1,11819,12626,4031,3045,19.28,.93,.75
SAmandaMarshall,0,79,409,305,539,.86,.19,1.76
SCrazytown,1,145,462,2659,8881,8.03,.31,3.33
SFH_Affton,0,12,26,16,19,.05,.46,1.18
SFJfreerickey,1,424,2889,428,160,3.65,.14,.37
SHAKEEL45192550,1,23,157,15,36,.11,.14,2.40
STC_GOP,0,103,55,97,60,.30,1.87,.61
SWaseem88321877,1,8,47,7,9,.06,.17,1.28
SafiUrR11468148,1,5,124,1,7,.01,.04,7.00
SaharaKNankan,0,142,346,1050,3212,3.06,.41,3.05
SainsburyQuron,0,9,139,10,1185,.05,.06,118.50
SalemaniB,1,4,72,33,108,.26,.05,3.27
SamafaleAnas,1,19,314,13,30,.11,.06,2.30
SamanthaWalt1,0,32,505,522,8594,2.10,.06,16.46
SamuelNyamathwe,1,234,1381,1349,1068,7.75,.16,.79
SamuelSw1287327,1,100,484,3,6,.02,.20,2.00
SamuraiJ8,1,18,94,53,9203,.15,.19,173.64
Sara65672254,0,18,447,81,716,.28,.04,8.83
SarahCl57758678,1,493,712,3120,8581,17.23,.69,2.75
Sarhang43839396,1,261,2177,18,62,.11,.11,3.44
Savage6513,1,14,904,374,9695,2.39,.01,25.92
SavingDorothy,0,53,1032,331,814,1.70,.05,2.45
Saybella1,1,152,1178,73,47,.39,.12,.64
SaynerEmma,1,26,281,36,156,.21,.09,4.33
Scary_MKTerry,0,44,114,69,555,.36,.38,8.04
SchaefferEj,1,15,511,65,451,.23,.02,6.93
ScherffiusNorma,1,3998,5001,20739,33734,49.37,.79,1.62
SchumanMaddy,0,65,177,842,3235,4.47,.36,3.84
Scubadiver19107,0,327,168,935,27169,2.06,1.94,29.05
SeanCSibley,1,91,598,25,242,.22,.15,9.68
SeanF17091479,0,1626,839,3970,1067,10.47,1.93,.26
SeanWilliamsSnT,0,49,240,329,1145,.84,.20,3.48
Seattle24311080,1,195,768,12998,14009,35.51,.25,1.07
Selah4Q,1,231,696,1852,4081,4.52,.33,2.20
SellBryant,0,23,145,764,1200,2.43,.15,1.57
SeniorDems,0,988,2168,2932,3644,6.66,.45,1.24
SgtTerminator,0,41,619,79,179,.18,.06,2.26
Shafiqu31926445,1,0,30,1,1,0,0,1.00
ShahzadaMujadid,1,2,37,12,3,.10,.05,.25
ShajalalPraman3,1,63,1384,910,7,2.46,.04,0
ShaneRay1981,1,1,14,2,0,0,.07,0
Shanese08132446,1,38,1685,3,332,0,.02,110.66
Shanna43030793,0,7,227,21,104,.09,.03,4.95
SharkTrial,1,1689,4022,587,812,4.38,.41,1.38
SharqiZebari,1,20,122,7,9,.06,.16,1.28
SharronGrizBlue,0,300,1788,429,1136,1.71,.16,2.64
SherieLightsey,0,4,439,4,2,.01,0,.50
SherrodBrownOut,0,3,128,36,1,.21,.02,.02
ShinkaPlant,0,1306,4482,208,1882,1.65,.29,9.04
ShiversMO10,0,1473,1110,74,80,.27,1.32,1.08
ShortwaveFuture,0,12,280,39,104,.33,.04,2.66
ShujiZhou,0,0,62,3,0,.01,0,0
SilkcocoonSilk,0,552,93,362,100,.93,5.93,.27
SinPerez1,0,2193,2951,8065,2860,29.76,.74,.35
SjogrenJenna,1,35,204,144,1472,.85,.17,10.22
Skbt22,0,1,398,13,2,.04,0,.15
SkitVlogs,1,3,8,237,237,1.82,.37,1.00
Sobujkhan999,1,141,2813,1122,168,2.96,.05,.14
Somewherentyme,1,19,148,3194,3063,7.39,.12,.95
SparkleMom4,1,33,342,469,1152,2.52,.09,2.45
SpeedieEdieBomB,1,1749,4907,37647,72750,88.79,.35,1.93
SpencerRChism,0,33,207,58,130,.24,.15,2.24
StacyCreech2,1,20,31,260,982,.73,.64,3.77
Stalin20201,1,94,500,1607,10347,8.11,.18,6.43
Stancertain11,1,7,124,10,485,.03,.05,48.50
StarmyMundy,1,697,1941,1397,1455,14.70,.35,1.04
StateTheVote,1,118,546,234,658,.75,.21,2.81
StephanieGorha9,0,1210,1374,6959,23955,32.67,.88,3.44
Stephen94652337,1,11,471,114,211,.86,.02,1.85
Steve26576084,1,656,2420,3,116,.01,.27,38.66
SteveDakopolos,0,20,58,7,10,.02,.34,1.42
SteveHi22863113,1,229,1581,1029,892,6.51,.14,.86
SteveWarmerdam,1,21,375,664,624,4.22,.05,.93
StevenW81198995,0,32,60,208,381,.49,.53,1.83
Stl_GOP,0,164,50,194,267,.51,3.28,1.37
StopMediaHate,0,4818,1221,11133,10645,42.81,3.94,.95
StrategicLobby,1,86,252,153,158,.56,.34,1.03
Sufiyanafzal2,1,2,33,5,96,.04,.06,19.20
SuperPatriotMax,0,42,182,1864,972,13.70,.23,.52
SusanJe82381667,1,11,367,1,25,0,.02,25.00
SusanSt74511544,1,114,271,699,1500,1.87,.42,2.14
SusetteGongola,0,51,448,274,520,.85,.11,1.89
Suzanlove11,1,21,381,205,3,1.06,.05,.01
SwannChocolate,0,50,624,136,91,.59,.08,.66
SydneyPaquette1,0,26,232,55,2165,.29,.11,39.36
T4uegDM2iNFZUpg,1,0,61,4,6,.03,0,1.50
T9uKJfnHiWCvukz,1,43,805,3,7,.02,.05,2.33
TDDK4400,1,17,200,1731,203,4.91,.08,.11
TFuncannon,0,0,46,7,1,.06,0,.14
TKLqrO7RcqghFKy,1,5,33,1,1,0,.15,1.00
TKalleck,0,108,223,451,319,2.10,.48,.70
TammyTampaRed,0,689,389,2448,14199,12.42,1.77,5.80
TawandaMugabe1,1,6,176,3,5,.02,.03,1.66
Tcarson35,1,179,1455,75,49,.45,.12,.65
TeamBosleyMO79,0,283,190,389,411,1.13,1.48,1.05
TeamHawley,0,1253,263,1853,22,4.98,4.76,.01
TerapnF,0,78,155,529,861,1.58,.50,1.62
TessMartinMO_LA,0,49,261,20,156,.04,.18,7.80
That1GirlSaidSo,0,7,100,79,228,.25,.07,2.88
TheCocaineMitch,1,9,73,23,1,.18,.12,.04
TheEmilunia,1,5,161,9,20,.06,.03,2.22
TheJenxco,1,35,1212,1,34,0,.02,34.00
TheLifeGoat1,1,8,45,93,0,.69,.17,0
TheNinja68,1,1076,2975,241,660,1.02,.36,2.73
TheOvalMovie,1,56,813,254,8,1.03,.06,.03
ThePeacePower,0,10291,4611,4272,7213,10.29,2.23,1.68
TheReal66600412,1,1002,4988,7281,913,25.91,.20,.12
TheRealKapono,0,1523,638,1568,1441,4.12,2.38,.91
TheUnitedResist,0,134,272,3259,420,22.32,.49,.12
The_Abby_Mills,0,1707,1783,16232,26838,77.29,.95,1.65
Themosthuman,1,688,2985,12012,28091,31.77,.23,2.33
ThenTruth,0,15,282,7,47,.02,.05,6.71
ThomasArllan,1,992,1346,2665,473,6.01,.73,.17
Thompson4VA,0,132,627,73,51,.62,.21,.69
TierraHogan_,0,21,64,53,131,.30,.32,2.47
TimothyRoche8,1,48,168,660,529,3.33,.28,.80
Tjohnelvis1,0,14,464,19,100,.04,.03,5.26
TmabdulT,1,146,820,51,43,.33,.17,.84
TokoEmery,1,4,130,7,20,.05,.03,2.85
TomTinsley2,0,2648,3694,2800,3517,7.01,.71,1.25
Tomford2019Tom,1,24,1193,1,0,0,.02,0
TomiDelp,1,20,329,375,915,2.55,.06,2.44
TommyYoumans2,1,825,834,1340,1314,3.82,.98,.98
TomsTechandMore,1,2,31,32,26,.08,.06,.81
TonyRus92152318,1,1117,2007,51265,108939,117.31,.55,2.12
TonyTheTiger412,1,62,264,631,2455,1.94,.23,3.89
ToomanDavid,1,243,204,4107,38549,17.47,1.19,9.38
TrepublicanAl,1,3,111,174,190,.82,.02,1.09
TrueLiberal2,0,72,278,2701,2010,6.35,.25,.74
Trumpin_USA,1,405,694,1899,2474,5.30,.58,1.30
TurtleTurtle920,0,1957,228,12691,9273,44.52,8.58,.73
TweetingTheTru2,1,372,764,2167,1741,6.70,.48,.80
TylerFrisk4,0,13,140,43,1115,.23,.09,25.93
TylerLuebb,0,34,370,195,21,1.07,.09,.10
URBANWONKENOBI,1,618,2112,42312,116023,144.40,.29,2.74
US_Politicians,1,46,510,11,45,.10,.09,4.09
Uaw2b,1,82,409,80,18,.63,.20,.22
Umik90,0,217,207,1019,1165,3.36,1.04,1.14
Usamaal52447463,1,5,124,2,31,.01,.04,15.50
VASTLResearch,0,126,836,77,76,.57,.15,.98
VLobati,0,14,74,65,43,.16,.18,.66
VREFSTL,0,253,705,245,470,1.82,.35,1.91
Vayda83772867,1,3,151,1,452,0,.01,452.00
VemFederal2019,0,38,159,38,42,.29,.23,1.10
Vesparadogirl,1,190,562,26396,40603,87.69,.33,1.53
Vets4AP,1,1126,1439,13717,24492,37.99,.78,1.78
VickieG05941139,0,58,1175,526,287,1.20,.04,.54
Vigil4USA,0,2050,2784,1563,852,6.15,.73,.54
VincePatriot,1,1232,2019,1276,7975,4.29,.61,6.25
VinicioField,0,6,227,16,33,.07,.02,2.06
VishBurra,1,725,3685,1963,935,4.44,.19,.47
Von_Falkenberg,1,19,168,123,367,.93,.11,2.98
VoteUSA1st,0,16,146,170,2242,.89,.10,13.18
WI_politics_now,1,1035,2404,13346,18557,31.32,.43,1.39
WaterWalker1776,0,59,265,170,580,1.14,.22,3.41
WaveYall,1,178,4960,84,90,.26,.03,1.07
WelskieInson,1,5,105,1,0,0,.04,0
WestCoHuddle,0,66,210,44,48,.10,.31,1.09
WestWriter1,0,285,949,7111,2470,32.03,.30,.34
WhatevNvm,0,1663,1962,1179,1812,4.22,.84,1.53
Whitney84699344,1,229,1624,16,3385,.05,.14,211.56
Why45huh,1,450,773,8061,49543,26.17,.58,6.14
WillWoo50583407,1,0,17,2,0,.01,0,0
WinBigLeague,1,12,94,2256,2461,5.81,.12,1.09
WingsofHopeYA,0,78,1701,22,15,.07,.04,.68
Winston87076705,1,0,68,7,54,.06,0,7.71
WisdomEkanem12,1,104,518,1,8,0,.20,8.00
WoolumAnthony,1,6,52,543,504,2.85,.11,.92
WyattBertram1,0,20,109,30,248,.09,.18,8.26
XXGHOSTHUNTE341,1,1,52,9,18,.09,.01,2.00
XavierLeeJohns1,0,420,593,274,126,1.46,.70,.45
YQBqeaFkrSMoY7t,1,0,63,4,5,.03,0,1.25
YossiKamar,1,10147,10338,20272,48200,49.93,.98,2.37
YvetteT05274697,1,44,254,3892,10357,11.82,.17,2.66
ZBurck,0,38,181,70,103,.30,.20,1.47
ZachJStewart,0,42,444,33,12,.09,.09,.36
Zach_Smilowitz,0,29,771,160,2734,1.48,.03,17.08
ZakiBouhkbouhk,1,2450,4825,22951,22754,59.92,.50,.99
ZanzibarNatural,1,147,254,119,1527,1.10,.57,12.83
Zappinator93,1,6,515,5317,283,16.06,.01,.05
ZaraABC17,0,328,371,658,947,1.98,.88,1.43
Zarerth,1,69,3013,6,35761,.03,.02,5960.16
ZhaTobby,1,16,144,6,3241,.05,.11,540.16
Zklug3,1,17,158,85,420,.35,.10,4.94
ZohaibK06233518,1,5,116,2,10,.01,.04,5.00
_CRFP,0,18,178,38,0,.08,.10,0
_ColsonDouglas,0,85,732,329,814,1.25,.11,2.47
_Fracisco_,0,16,164,56,686,.38,.09,12.25
_NancyMD,0,1220,1222,2599,3609,8.43,.99,1.38
_bbpineapple_,0,81,615,579,1108,3.80,.13,1.91
_joe_wi,1,61,367,237,304,1.59,.16,1.28
_joshuamormino_,0,64,173,30,476,.12,.36,15.86
a16884,1,0,62,4,1,.04,0,.25
abdou_fadera,1,285,4773,6,18,.03,.05,3.00
abernathy_miles,0,17,98,795,2965,1.95,.17,3.72
adam_rapert,0,39,145,57,105,.13,.26,1.84
ahmedma10736130,1,97,1233,151,8908,1.12,.07,58.99
airyfield,1,4,31,81,174,.32,.12,2.14
alexgtrumpetsd,0,37,115,591,1356,2.82,.32,2.29
alexpol37425529,1,7,79,2,3,0,.08,1.50
alifatima7ali,1,1336,4668,6376,20435,14.72,.28,3.20
allen98006863,1,4555,4298,16619,23166,39.10,1.05,1.39
allisonmcglone1,1,14,241,121,1721,.27,.05,14.22
alonzojaymz,1,55,838,62,2731,.16,.06,44.04
amirsameeiradd,1,0,38,2,0,.01,0,0
andreas22662573,1,378,1877,92,441,.26,.20,4.79
andrewjschoon,0,49,184,48,2258,.26,.26,47.04
angels391723,1,1559,4845,2227,2027,10.12,.32,.91
angrayesmith,0,35,60,57,585,.27,.58,10.26
annapshields,0,184,497,1278,2342,3.56,.37,1.83
annhelwig2,1,2,63,8,68,.02,.03,8.50
anthony_vert,0,13,145,13,214,.04,.08,16.46
arthur_naipal,0,313,1010,421,2755,1.18,.30,6.54
asad41874295,1,1,51,7,14,.07,.01,2.00
ashazeit,0,6,19,36,11,.09,.31,.30
asinner_too,0,214,756,418,1026,1.26,.28,2.45
autumn_dodge17,0,26,249,95,341,.58,.10,3.58
awwadsalotaibi,0,5561,2100,16443,26120,95.04,2.64,1.58
b4blast1957,1,7,106,197,20,1.77,.06,.10
baby_channel18,1,22,648,2,1173,0,.03,586.50
badmoonrising16,0,722,2424,3429,6419,11.66,.29,1.87
barboza2018,0,73,221,97,257,.47,.33,2.64
barry_grissom,1,459,367,218,1176,1.96,1.25,5.39
baxtermom1,1,54,119,923,11520,9.13,.45,12.48
beauty_blu,0,31,221,371,541,1.09,.14,1.45
becourageousbe1,0,1067,1280,17645,12474,63.01,.83,.70
behindviolence,1,1942,2596,2495,5499,15.99,.74,2.20
benbutton00,1,170,1267,7358,19332,19.36,.13,2.62
bernard_telfort,1,81,3768,61,87,.39,.02,1.42
bernardtommmy,1,3,75,1,0,0,.04,0
bexcellentoday,0,52,183,307,2365,.69,.28,7.70
bjohnfarmer,0,11,131,205,217,.50,.08,1.05
blakeman_joshua,0,8,109,38,146,.10,.07,3.84
blakewbassham,0,62,406,536,423,2.35,.15,.78
boii_salty,1,420,2369,108,100,.33,.17,.92
boslatun,0,14,59,64,744,.46,.23,11.62
bozphis,1,79,765,4885,2561,40.70,.10,.52
bradnolesfan,1,2762,4198,7824,47030,18.36,.65,6.01
bradyhilll,0,69,351,20,516,.14,.19,25.80
brandon_chaos,0,168,337,365,9,2.48,.49,.02
bravoloverfan,1,1996,1502,33372,48128,74.49,1.32,1.44
briand_deluca,0,572,756,3646,6465,10.81,.75,1.77
bumble__face,0,28,72,784,6320,1.93,.38,8.06
burn_pit,1,86,197,913,3747,2.11,.43,4.10
busracakir2961,1,40,316,6,2,.04,.12,.33
bxngvs,1,0,46,1,1,0,0,1.00
c_cockley,0,245,669,632,3534,1.60,.36,5.59
cantrell_tresea,0,92,277,443,2870,1.09,.33,6.47
carson_hankins,1,41,1241,7,2,.02,.03,.28
casey_hays4,0,17,115,25,71,.16,.14,2.84
cashion_johnny,1,586,966,6387,13127,21.65,.60,2.05
catloverb1,0,2,100,2,240,0,.02,120.00
cause39419832,0,127,145,3425,19834,15.22,.87,5.79
ce_danger,0,4,209,12,27,.04,.01,2.25
cecileduboisr,1,739,3139,1166,19559,6.07,.23,16.77
cek449,1,11,60,7,19,.05,.18,2.71
chirhoalphaomeg,1,16,347,1657,636,9.00,.04,.38
choejambers,1,7,387,17,136,.15,.01,8.00
chris_halline,0,10,146,29,302,.06,.06,10.41
chris_l_keys,0,145,419,144,3175,.66,.34,22.04
chrisclayva84,0,151,536,3843,3391,30.99,.28,.88
chrissy_janay1,0,333,982,681,6127,5.67,.33,8.99
christiehere,0,203,687,1987,4557,5.18,.29,2.29
christinagala17,0,3023,3708,19672,15588,55.41,.81,.79
cjreich94,1,1091,4924,3842,3122,13.87,.22,.81
clairems_stl,0,24,72,30,141,.09,.33,4.70
clay_countydems,0,51,204,219,69,1.80,.25,.31
confirmkav,0,5660,2020,1256,2683,4.60,2.80,2.13
conservativeMN1,0,110,329,1109,4320,4.06,.33,3.89
copipega1,1,406,1500,16555,3519,39.04,.27,.21
country_boy609,0,201,372,1643,230,10.14,.54,.13
couponvirals,1,203,1084,33,410,.19,.18,12.42
cozybrows772,0,257,293,740,2256,2.03,.87,3.04
curioustriplet,1,3463,4210,1134,16415,5.81,.82,14.47
cyclone_tim,1,14,143,2,40,0,.09,20.00
darkknightfore1,1,172,511,6164,3745,21.10,.33,.60
datanck13,0,36,169,118,454,.58,.21,3.84
david_soriano_g,0,12,312,74,516,.24,.03,6.97
davidmarks596,1,417,4904,7,43,.02,.08,6.14
davina_mancilla,0,16,54,84,2646,.35,.29,31.50
dawnbra74,1,1,55,8,17,.06,.01,2.12
deadwhitemale,1,20,222,461,31,2.47,.09,.06
deanjSTL,0,17,217,41,157,.25,.07,3.82
deideidei6,1,8,572,26,206,.26,.01,7.92
denisec11861155,1,497,1442,5178,52646,11.35,.34,10.16
denisehearn_,0,871,566,382,302,1.07,1.53,.79
deridingderrida,0,54,118,272,1633,.68,.45,6.00
dermolandco,0,0,66,10,1,.07,0,.10
devine_shane_,1,109,699,101,434,.45,.15,4.29
devon_monica,1,66,525,1707,2279,8.70,.12,1.33
djane3481,1,20,384,262,686,1.43,.05,2.61
djinfluencer,0,26,687,210,0,.77,.03,0
dl_lawhon,0,125,603,98,308,.23,.20,3.14
dlharvey94,0,39,83,41,77,.23,.46,1.87
dofseffrancisco,0,257,4983,222,216,.73,.05,.97
doglady561,1,4,100,11,187,.03,.04,17.00
dorothynicole01,1,52,349,23,36,.06,.14,1.56
downtownjohnbr1,0,10,119,57,102,.37,.08,1.78
dpatric92302280,1,1,40,2,26,0,.02,13.00
dpt1776,0,6,140,11,16,.03,.04,1.45
drbprae,0,781,477,65,1094,.36,1.63,16.83
dream_anew,1,3,145,1,1,0,.02,1.00
drvenkatsk1,1,50,1068,249,385,1.51,.04,1.54
dryer_k,0,1153,774,21522,31558,73.95,1.48,1.46
edenmoresaysno,1,22,1022,13,2,.12,.02,.15
eileen783,0,2,142,30,421,.09,.01,14.03
elizabethKedgar,0,8,33,2,6,.01,.24,3.00
elizabethwhelan,0,61,223,121,294,.30,.27,2.42
elleblair21,1,50,222,498,1486,1.13,.22,2.98
ellieonwheels,0,105,845,298,5439,.76,.12,18.25
ellis4missouri,0,927,184,369,526,.80,5.03,1.42
ellison9224,0,56,127,331,360,1.25,.44,1.08
emilyprisco,0,5,59,63,94,.30,.08,1.49
enani_salaam,0,18,499,7,366,.01,.03,52.28
ethan_kalishman,0,39,127,25,126,.08,.30,5.04
eva_garb,1,13,28,31,61,.17,.46,1.96
eyeopen2DCgames,0,9,339,39,47,.16,.02,1.20
faisal59096329,1,0,25,2,1,0,0,.50
farmanu42239495,1,42,927,3,29,.01,.04,9.66
filadophian,1,1,64,1,21,.01,.01,21.00
frakes_greg,1,40,1321,9,19,.05,.03,2.11
franchize3OOO,0,48,842,43,1016,.27,.05,23.62
franciswithane,1,80,540,398,5317,1.29,.14,13.35
frankro99811933,1,3,153,10,60,.07,.01,6.00
freedomisok,1,259,481,1907,7516,13.81,.53,3.94
frequentflyerkc,1,1735,2528,7755,9259,18.07,.68,1.19
fromyulee,0,559,558,34026,37108,91.96,1.00,1.09
gPvARaXpPbYubn3,1,25,294,5,51,.04,.08,10.20
gelson_rich,0,14,172,105,100,.25,.08,.95
ginnylee81,0,1,138,5,392,.02,0,78.40
girl_vigilant,1,22,104,708,738,3.05,.21,1.04
givemeliberty22,1,8,26,1687,648,7.39,.30,.38
gmerrell2,1,13,152,445,1655,1.46,.08,3.71
godhatesyeast,1,1043,2625,39602,31230,129.84,.39,.78
gohighsigns,0,3,98,33,33,.17,.03,1.00
gornikiewiczTim,1,44,825,9,234,.02,.05,26.00
gqqEVDBH1gHoLF7,1,4,55,3,8,.02,.07,2.66
graceluepke24,0,67,174,44,691,.10,.38,15.70
greenealogist96,0,48,46,96,283,.68,1.04,2.94
greffdarack104,1,28,520,12,53,.11,.05,4.41
grumpyoldladyo,0,568,1353,1635,18806,5.90,.41,11.50
gwen_lockman,0,117,641,425,2323,.93,.18,5.46
hMdm0KPQPNk5SOy,1,2,40,4,27,.04,.05,6.75
hadamson1776,0,21,95,104,1589,.25,.22,15.27
hag3m4ru,1,24,463,888,14336,2.01,.05,16.14
hangrykats,0,10,350,59,394,.60,.02,6.67
happyhealthyMN,0,11,183,30,868,.21,.06,28.93
hawkeyeEcho,1,104,351,2227,2608,16.13,.29,1.17
haydenrobinsonn,0,184,76,3096,31094,10.28,2.42,10.04
haylshutso,0,22,68,70,174,.22,.32,2.48
hazelnut317,0,23,267,333,647,3.08,.08,1.94
hduu95829296,1,1,112,3,387,.02,0,129.00
hgilly_,0,28,89,14,4,.03,.31,.28
hunter_todd19,0,424,494,965,7596,2.68,.85,7.87
ia_rachel,0,62,273,73,391,.30,.22,5.35
iamsarahkaiser,0,56,415,234,442,.60,.13,1.88
illuminaughty90,1,3,23,1,15,0,.13,15.00
infantry3502,0,247,483,1218,2292,2.81,.51,1.88
isaffamo,0,58,79,32,231,.14,.73,7.21
itsspamelope,1,1972,3594,1385,3236,9.55,.54,2.33
iwritewordsfor,0,183,385,1134,1851,6.48,.47,1.63
j4MOVETS,0,146,425,99,320,.25,.34,3.23
j6YNnMa3uln03A6,1,1129,5001,33233,33582,143.86,.22,1.01
j_clegg607,0,13,266,11,13,.02,.04,1.18
j_mucheni,1,36,822,109,5,.80,.04,.04
jackejones123,1,3439,3467,7710,81812,33.81,.99,10.61
jacob00934304,0,1,60,2,1,.01,.01,.50
jaimeca94963324,0,9,122,18,336,.12,.07,18.66
jakemerci,0,80,251,296,40,1.03,.31,.13
jamerghrs,0,1094,1472,2268,1266,7.17,.74,.55
janedoe53230467,1,97,955,2733,2236,6.64,.10,.81
janesummins,0,81,1564,83,159,.64,.05,1.91
janneypanet,0,1571,2611,2461,1436,9.50,.60,.58
jaspinmo,1,32,188,634,12073,1.74,.17,19.04
jawadbh97778898,1,0,29,8,18,.06,0,2.25
jayblues8520,1,1919,2714,458,4349,2.95,.70,9.49
jclarks074,0,54,162,679,2142,4.74,.33,3.15
jdsolokc,0,4,81,7,4,.04,.04,.57
jeanmic11110593,1,132,1169,9,203,.05,.11,22.55
jeanne_returns,0,5578,6128,22564,38014,57.12,.91,1.68
jessexschilling,0,209,911,1148,31190,3.23,.22,27.16
jgraykc2018,0,460,85,377,489,.88,5.41,1.29
jgyasieyahooco1,1,7,59,8,0,.06,.11,0
jmhines777,0,15,622,136,85,.69,.02,.62
jobyyoung7,0,77,100,96,204,.47,.77,2.12
jodie_matheis,1,176,840,66,5385,.17,.20,81.59
john_ladelfa,0,270,404,1149,4906,2.52,.66,4.26
johnleelike,0,163,571,274,260,.65,.28,.94
johnnykane1990,1,416,1213,3050,2308,7.43,.34,.75
jonomo1205,0,16,384,15,105,.04,.04,7.00
jordanmeyer1234,1,29,174,108,530,.68,.16,4.90
joseflopez98,1,46,314,1577,1979,7.50,.14,1.25
josephlogston94,1,762,1726,7617,4673,54.02,.44,.61
joshua_beezley,0,125,297,208,321,.90,.42,1.54
joyholley70,0,13,116,14,672,.04,.11,48.00
jtodom04,0,88,211,34,403,.16,.41,11.85
judywil93035110,1,461,700,6714,4254,16.66,.65,.63
justinparramore,0,25,83,124,635,.56,.30,5.12
justinshooty,0,7,162,20,47,.17,.04,2.35
k75158743,0,264,1490,3726,986,13.80,.17,.26
k_kibong,1,2,46,1,0,0,.04,0
kaila_e_hood,0,18,283,195,3087,.42,.06,15.83
kansascityyrs,0,123,67,196,129,.57,1.83,.65
kari_belanger,1,2,42,48,3,.26,.04,.06
kariscottages,0,0,33,5,0,.01,0,0
karmahitsyoubac,1,83,416,10298,7874,28.05,.19,.76
kcarrows,0,79,240,423,739,1.19,.32,1.74
kudra_1,0,33,318,78,20679,.17,.10,265.11
kunruben22gmai1,1,6,370,1,28,0,.01,28.00
kv1239,1,4,117,2,185,0,.03,92.50
l7iyyani,1,1,44,195,0,1.54,.02,0
lafmor1,0,9,140,11,518,.02,.06,47.09
lauracarter2082,1,32,384,11,53753,.03,.08,4886.63
leor_tal,0,487,1528,1384,7326,4.56,.31,5.29
levinson_mr,1,2,61,8,2,.07,.03,.25
liamrey123,0,40,222,305,1548,2.99,.18,5.07
liifeisgood2,1,1033,2093,3057,11030,16.17,.49,3.60
lijiawe21365623,1,0,43,1,0,0,0,0
lilbirdysaid,1,1638,4312,476,4988,1.16,.37,10.47
lilpiney1,1,7,82,38,36,.23,.08,.94
littlespeed2,1,0,4,1,3,0,0,3.00
liuliu98486306,1,257,2323,758,579,2.75,.11,.76
lllFrances,1,1,110,2,0,.01,0,0
lmannyvazquez,0,8,190,45,2323,.15,.04,51.62
lmsholar,0,73,321,678,11875,2.04,.22,17.51
longwintercount,1,128,522,597,1098,3.22,.24,1.83
love_the_USA,0,92,372,528,1063,1.92,.24,2.01
luciaacev1,1,9,174,1011,713,2.69,.05,.70
lucille_lamarr,0,480,1095,626,4223,1.46,.43,6.74
m24013049,1,13,390,345,344,1.24,.03,.99
maddie72474400,1,4,61,1,2,0,.06,2.00
maddigan0614,1,5,335,4,1912,.01,.01,478.00
marc78564956,0,3,94,6,14,.03,.03,2.33
margaretjalex,0,80,305,28,484,.07,.26,17.28
marianneuptown,0,390,1120,251,120,.55,.34,.47
mariebgonzales1,0,455,1105,7630,19718,21.25,.41,2.58
marienb4,0,59,287,148,897,.42,.20,6.06
maruping_gontse,1,31,1016,12,13,.07,.03,1.08
maryhoyon,0,40,230,143,1803,.69,.17,12.60
mauzey_r,1,0,5,1,0,0,0,0
maxpowe44948714,1,88,1771,1464,956,5.03,.04,.65
mccowan_devin,0,27,386,63,113,.52,.06,1.79
mcdonough4judge,0,209,337,1170,2299,2.56,.62,1.96
mcgonigal_karen,1,9,126,131,319,.50,.07,2.43
meaniesbeanie,1,43,255,145,1787,.37,.16,12.32
meggieeve,0,113,310,488,1290,1.87,.36,2.64
melp709a,1,1128,2024,1617,1764,8.42,.55,1.09
meofspace,1,901,4223,1288,745,4.58,.21,.57
meowlertime,1,128,1258,226,8749,.55,.10,38.71
metoolie,1,17,321,3,2,.01,.05,.66
michaelbrandy0,1,400,2736,192,722,.57,.14,3.76
mindy03355268,0,282,95,1941,9346,5.52,2.96,4.81
misodeluxe,0,97,437,150,260,.69,.22,1.73
mlcoachellen,0,18,181,19,35,.13,.09,1.84
mocanntrade,1,368,318,450,851,1.46,1.15,1.89
mohaaAhmed2,1,6,121,2,6,.01,.04,3.00
morganlight09,0,28,104,841,2635,2.68,.26,3.13
morisahwazi,1,316,751,291,2461,2.91,.42,8.45
motorcruft,0,11,196,86,2013,.31,.05,23.40
mpaps282,1,2043,4968,23039,25729,63.99,.41,1.11
mr_nashville,0,35,192,1974,292,11.34,.18,.14
mrharrisphoto,1,0,22,2,0,.01,0,0
mshunt41115,0,16,316,403,452,1.44,.05,1.12
msonnie7,1,547,942,826,14617,3.23,.58,17.69
muturikaat,1,2,20,1,0,0,.10,0
mwubahimana,0,426,1031,949,2232,3.85,.41,2.35
natebsbiggestf1,1,733,2036,1540,1272,7.09,.36,.82
nickwyville,0,155,456,1489,2656,3.49,.33,1.78
nola_truth,1,46,261,765,961,2.38,.17,1.25
nomoreloonies,1,334,640,244,43,1.63,.52,.17
nomorepLz222,1,0,58,2,0,0,0,0
npa4life,0,365,878,529,125,3.39,.41,.23
of_BreakingNews,0,4320,4881,4054,4098,22.52,.88,1.01
ohsynesthesia,0,104,499,438,704,.99,.20,1.60
ouazzani_fellah,1,516,5059,3154,118,13.89,.10,.03
pITdeIkT5SpAU9B,1,140,1507,15,4,.14,.09,.26
pac87219163,1,54,1063,3,1137,.01,.05,379.00
paderlyjahh,0,79,211,71,1096,.45,.37,15.43
paul_yem,1,5,265,7,9,.06,.01,1.28
pauladi19270455,1,1071,1519,66032,132275,145.12,.70,2.00
pcMG9WHkRdJmoDl,1,0,36,39,5,.29,0,.12
peilmymailcom1,0,2363,1830,25243,15915,229.48,1.29,.63
pinacoladas1776,0,56,94,13,18,.03,.59,1.38
pittleochris,1,188,2353,24778,13126,62.25,.07,.52
pmkling1,0,78,185,168,3287,.63,.42,19.56
po_sound,1,2131,2933,2774,5960,6.54,.72,2.14
poets4eunity,0,249,504,862,319,2.06,.49,.37
politicohfaces,0,3,41,3,0,.01,.07,0
poliwhytho,1,10,134,93,24,.22,.07,.25
profthomlambert,0,426,283,144,285,.34,1.50,1.97
psofacto1,1,82,3015,140,1302,.42,.02,9.30
q_isee,1,3117,3878,8772,9167,73.10,.80,1.04
queerdemocrats,0,9,155,68,169,.64,.05,2.48
quinnzellers,1,449,4993,5,3,.01,.08,.60
quinten_moen,0,50,569,60,384,.17,.08,6.40
rYh38Gp0uQBCuep,1,10,89,5,0,.05,.11,0
rachlynngerm,0,139,779,281,573,.75,.17,2.03
racistpresiden2,1,58,244,292,475,2.14,.23,1.62
rammahaformo,0,83,256,47,56,.10,.32,1.19
raquel18358000,1,16,267,10,102,.06,.05,10.20
realANazar,1,15,218,185,5458,.43,.06,29.50
realDevenPowers,0,11,106,56,73,.20,.10,1.30
realJairo_SP,1,581,629,10668,10377,49.38,.92,.97
realamericanUS,0,3439,4947,1244,1189,5.78,.69,.95
redpillpsychic,0,186,670,589,2097,1.28,.27,3.56
redskins_fan52,0,20,89,19,127,.04,.22,6.68
regular_order,0,14,321,14,39,.06,.04,2.78
remarx4amb,1,1,62,137,62,.33,.01,.45
remy_hill,1,69,1387,394,343,1.61,.04,.87
repbican,1,3937,4985,807,1282,4.29,.78,1.58
rgf26,0,6667,6902,38376,43869,155.36,.96,1.14
richbrat2,0,3782,4937,29235,19886,94.91,.76,.68
ridgeparkavc,0,5,25,7,0,.01,.20,0
riotatmidnight,0,9,324,81,187,.44,.02,2.30
ripley1954,1,710,666,38643,56257,137.03,1.06,1.45
rishi_hiro,1,1,17,5,19,.02,.05,3.80
rmolson8004,0,11,107,8,2,.01,.10,.25
ro_rough,1,4,109,18,57,.16,.03,3.16
robert_griffon,0,285,570,266,279,.81,.50,1.04
roon0292,1,145,821,9370,12665,21.00,.17,1.35
sagebrushpizza,1,8,406,2,3,.01,.01,1.50
sally6crocus,1,5,403,3,37,.01,.01,12.33
sam_westhoven,0,155,326,132,358,.57,.47,2.71
sassysnowflake3,1,12,128,84,57,.52,.09,.67
saya_garapan,1,83,1004,72,157,.17,.08,2.18
scarpone_kaye,1,1370,4040,288,21612,.68,.33,75.04
scottfrench162,1,157,1695,6371,3664,37.47,.09,.57
semirealcraig,1,36,860,1144,2145,9.22,.04,1.87
senate_us,0,88,131,84,36,.26,.67,.42
setterrecord,1,2182,4593,1873,180,8.14,.47,.09
sharonC39906150,0,22,653,21,36,.05,.03,1.71
sharon_grasty,1,906,1914,4470,1988,11.11,.47,.44
shawndaturner94,0,64,164,10,953,.03,.39,95.30
shesaysstrategy,0,28,70,19,32,.08,.40,1.68
skcurtis9786,1,3,15,15,0,.05,.20,0
skincaredoctor2,1,8,250,29,0,.09,.03,0
skschoeppel,0,31,593,118,531,.28,.05,4.50
slayton_adam,1,33,119,33,113,.10,.27,3.42
sm_blubaugh,0,564,1515,6872,45746,21.27,.37,6.65
smotherman_k,0,4,66,5,1,.02,.06,.20
sophie_graves,1,30,118,15,10,.04,.25,.66
sosweetdrill,0,48,347,29,7,.16,.13,.24
speaks_who,0,10,105,770,2574,4.23,.09,3.34
spietrassmith,0,3,21,5,2,.01,.14,.40
srDP_is_me,0,276,1249,50753,232836,135.70,.22,4.58
sr_cassius,0,7,112,418,7,1.46,.06,.01
sregan_18,0,8,99,10,15,.09,.08,1.50
sridemosthenes1,1,112,683,4091,7492,39.33,.16,1.83
stacker_davion,0,33,49,34,89,.11,.67,2.61
stallings_iii,1,59,447,2334,2209,21.21,.13,.94
stenger_steve,1,31,217,246,3,.72,.14,.01
steph03381214,1,3,73,18,65,.10,.04,3.61
stephywilson83,1,223,970,1845,8391,4.98,.22,4.54
stickler_deb,0,53,157,491,844,2.21,.33,1.71
stldemandaction,0,486,90,333,330,.83,5.40,.99
straightreaIity,0,21,87,483,1220,1.39,.24,2.52
suchabigcatfish,1,3,75,2,23,.01,.04,11.50
sue_reda,1,26,431,384,2356,1.90,.06,6.13
tRumpedPlay,1,5020,5158,170,69,.58,.97,.40
t_eye922,0,312,429,284,39,.64,.72,.13
t_kolky,0,45,126,107,391,.29,.35,3.65
tadfortexas,0,18,178,53,143,.11,.10,2.69
tami_creech,0,2386,2843,1558,6267,4.40,.83,4.02
tatgio1,0,11,248,259,2880,.64,.04,11.11
tawalamaliki,1,1,194,3,4,.02,0,1.33
terryla10245408,1,18,230,1,0,0,.07,0
that_zachary1,0,5,148,45,64,.45,.03,1.42
the2020platform,1,10,359,16,5,.06,.02,.31
theBIGgy4,1,2,23,3,65,0,.08,21.66
theCodyLeach,0,84,423,416,1027,1.38,.19,2.46
theE_Walker19,0,23,60,21,79,.07,.38,3.76
theonlymrs_a,0,17,94,91,179,.72,.18,1.96
therealRoytheG,1,1,41,9,2,.06,.02,.22
therealsdean,0,24,211,145,271,.55,.11,1.86
thomas811lawson,1,49,2534,5,11,.01,.01,2.20
thomasdraper641,1,322,1597,2449,492,6.34,.20,.20
tidwell_sally,0,690,737,7782,7247,43.71,.93,.93
tiote_abou,1,2,62,2,19,.02,.03,9.50
toddmchaines345,0,56,215,979,1504,2.87,.26,1.53
tonyabr32664529,1,7,226,1,164,0,.03,164.00
tracey_vinsand,1,2401,4889,9389,12909,21.78,.49,1.37
tracy59723398,0,541,1061,688,149,2.63,.50,.21
trial_law,1,30,263,72,15,.25,.11,.20
trolleen_,0,19,73,55,1303,.50,.26,23.69
trrosschneider,0,48,301,444,2951,1.34,.15,6.64
twentyfifthame1,1,0,62,4,5,.02,0,1.25
twhittingtonmn,0,24,190,19,12,.04,.12,.63
twizteda,0,207,652,147,2845,.35,.31,19.35
uptownroscoe,0,13,371,17,1918,.12,.03,112.82
urbangirl304,1,9,151,393,575,2.60,.05,1.46
vikastofficial,1,85,2111,17,0,.05,.04,0
virginiagulley1,1,6,76,87,14,.55,.07,.16
votekaymurano,1,299,2089,647,980,1.47,.14,1.51
votewithvoice,0,120,458,80,182,.45,.26,2.27
w05I69Tn0isTIuj,1,1,68,8,32,.08,.01,4.00
wacksoford,0,9,79,1,3,0,.11,3.00
wandanorrell,0,2629,2813,4196,9996,15.09,.93,2.38
wangminghai3211,1,306,386,368,1,.85,.79,0
waqarahmmad8,1,0,44,1,29,0,0,29.00
wczac33,0,27,346,89,107,.25,.07,1.20
west1stsouth2nd,1,1630,2575,3021,7549,8.83,.63,2.49
whenwewerearabs,1,156,2094,417,399,1.75,.07,.95
whopbopaloobam,1,11,29,389,2630,2.43,.37,6.76
willisjk98,0,75,541,18,352,.06,.13,19.55
willsmith235046,1,26,294,4,12,.03,.08,3.00
wizMohsen,1,10,76,4,9,.03,.13,2.25
workingclassnow,1,8,315,19,0,.12,.02,0
wp_abby,0,42,176,44,41,.10,.23,.93
wrecktangle17,1,6,104,616,970,1.71,.05,1.57
wrenncarolcomc1,0,959,672,13207,10003,41.01,1.42,.75
wxcxray12345,0,3250,4987,11639,1254,29.92,.65,.10
xww5FnYHrEEevbK,1,13,726,6,876,.05,.01,146.00
yanes_yojana,1,0,39,17,0,.05,0,0
yelvy_,0,22,246,34,172,.11,.08,5.05
ymurad__,1,435,992,649,815,2.36,.43,1.25
ythehorses,1,705,1634,3110,8653,13.29,.43,2.78
z00mz00m4,0,72,1178,65,20,.21,.06,.30
zhang20188,0,0,34,11,13,.06,0,1.18
zino_alex,1,147,1109,35,3,.26,.13,.08
zinovy_nudel,1,77,2155,52,5,.27,.03,.09
zoeegallagher,0,19,44,19,123,.05,.43,6.47
