16Rubytuesday7,1,1561,1586,4740,22302,1,0,15.29
1941Rashmi,1,598,3486,8876,3303,1,0,21.86
1AmericanMama,0,1687,228,10556,13716,1,0,46.50
1SweetTexan,1,9601,9545,16745,17171,0,0,42.17
1WeAreSoldiers1,1,776,1404,2072,1313,0,0,5.12
1WiserWoman,1,3992,4637,7240,6459,1,0,25.67
1_teflon,1,2619,2807,11793,9839,0,0,40.11
1stcoalition,1,579,1510,266,241,1,0,1.18
2020DonaldJ,0,195,304,331,1094,1,0,1.35
3018gdoe,1,527,773,5853,8534,1,0,14.52
5lYqTdGv7VAh3Ly,1,2,102,1,0,1,1,0
5smoothstones17,1,219,1616,189,379,1,0,.43
6079__Smith_W,1,20,56,13,8,1,0,.03
703Kyle,1,280,729,16633,46663,0,0,60.26
8canusa8,1,5,707,1427,10734,0,0,3.52
A1stnews,1,147,760,114,95,1,0,.50
ABell1979,1,12,116,648,206,1,0,3.32
AMERICA20215759,1,100,601,7625,7140,1,0,16.86
AMP_Contracting,0,65,848,808,117,1,0,2.00
AP72580488,0,19,115,76,99,1,0,.36
APGOVBG,1,8,57,2,1,1,0,0
AShalmiyev,1,1139,2807,4654,16673,1,0,18.46
AStashefsky,1,6,206,171,124,1,0,.40
AaronHeard13,0,58,343,158,880,1,0,.58
AaronPThompson7,1,541,4985,2042,132,0,0,5.14
Aboubac31152867,1,29,1674,4,3229,1,0,.01
AbtusM,1,5414,5736,13,11438,1,0,.03
AcostasMic,1,3,79,300,203,1,0,2.06
AdriHoltMO,1,44,85,134,381,1,0,.50
Ahsan11547455,1,114,2970,38,78,1,0,.12
AjokeHenry,1,696,4651,9,7821,1,0,.02
AlMende80474299,1,3380,3677,2885,4866,1,0,16.58
Alamsagar12,1,0,28,90,228,1,0,.46
AlanCor88997612,1,3057,4176,15236,14575,1,0,71.53
Aletheia_4Truth,1,69,193,1605,1861,0,0,4.73
Alexand76085967,0,14,46,262,105,1,0,.89
Alexis97551675,1,464,880,236,283,1,0,.60
AlexisKeys_,1,7,285,190,374,1,0,.46
All0utOfBublgum,1,35,113,14,176,1,0,.04
AllAmericanGi16,1,2112,3231,4057,10977,1,0,19.41
AllenKranawett1,1,601,1774,16121,13335,1,0,39.22
Alli09884168,1,3,44,69,338,1,1,.41
Alykhat1,1,3104,4402,7093,8505,1,0,21.36
AmeriCa84883579,1,1751,2288,29282,9651,1,0,96.32
AmericanNinja2,1,568,1050,188,383,1,0,.79
AmjadHussainSo5,1,34,771,2,3,1,0,0
Amy022581,1,2,35,1,30,1,1,0
AmyCrace,1,28,312,100,1148,1,0,.32
AmyG1Love,1,11846,12782,12638,18034,1,0,29.59
AmyPears2545,1,1464,4441,3823,17103,1,0,10.92
AmydnB69,1,4683,5146,21149,16374,1,0,80.10
AndersOdegard1,0,248,661,847,533,1,0,4.34
AndrewMcpheete1,1,69,250,5808,6658,1,0,18.85
AndrewThatcher4,1,3205,4961,2564,1558,1,0,5.72
Anees33949039,1,359,4018,6,5,1,0,.03
Angela81250692,0,235,700,2624,2459,1,0,5.92
AngelaW63765246,0,4361,4498,15930,14968,1,0,43.05
AniaCervera,1,211,4944,106,410,1,0,.43
AnnaGorse8,1,3,24,6,19,1,1,.01
AnneRidge4,1,10,201,26,139,1,0,.11
AnnexLegal,1,139,1034,86,2,1,0,.38
AnnieCElder,1,26,285,2,31,1,0,.01
Annie_7316,1,53,700,1054,770,0,0,3.08
AnonLeonidasI,1,2122,3581,235,395,1,0,.72
AnthonyBauman5,1,967,1224,1966,4184,1,0,4.57
AnthonyMixerWA,0,5571,965,2355,5212,0,0,10.70
AnwarAnwarovic2,1,16,790,6,0,1,1,.04
AppleJacquesAlt,1,106,1677,529,395,0,0,1.88
ApplegateAshton,1,32,71,62,671,1,0,.20
April_V_,1,1608,2027,10669,48137,1,0,36.53
ArizonaLuke,1,339,726,3437,3667,0,0,23.54
ArmorAttack,1,410,939,22,746,0,0,.09
AshleyDGregory,1,228,329,488,1654,1,0,1.93
AthenaTaura,1,781,1090,1891,1461,0,0,6.41
AtticusTaine,1,31,260,288,2141,1,0,1.54
AusAdair,1,4633,5084,3750,11057,1,0,19.23
AusConsRodney,0,395,468,4295,5661,1,0,10.60
AussumPossum,1,433,1089,5610,25231,1,0,14.92
AvaGabor3,1,1106,1214,7542,3964,1,0,21.98
AvenirVisions,0,559,3859,520,885,1,0,1.60
AverySpence13,1,4,61,12,16,1,1,.04
AviPatel0,1,24,76,228,2977,1,0,.70
AwakeWWG1WGA,1,3795,4074,4610,40429,0,0,10.67
BAnn913,1,3121,4196,13618,11813,1,0,43.09
BEALOVELY3,1,133,360,6285,1417,1,0,25.14
BMcsimon,0,11,330,45,442,1,0,.18
BNorvii2,1,98,1229,1131,5357,0,0,4.56
BWave85,1,3,192,49,125,1,0,.26
B_m_Hall,0,70,488,651,5997,1,0,1.62
BakesCourtney,1,98,801,2869,3894,0,0,13.46
Banibaba2,1,79,723,2312,13191,1,0,13.68
BanishedOf,1,20,81,131,1514,1,0,.83
Barb09682879,1,75,177,10417,9573,1,0,43.22
Barry61736994,1,19,227,22,367,1,0,.08
BatmanSteak,1,1940,2386,317,7589,0,0,1.74
Bear98Postal,1,158,369,1418,4082,1,0,3.47
BeckerArden,1,0,8,4,0,1,1,.01
BeliaK7,1,2658,4057,30495,144713,1,0,122.46
Belieberboyzzz1,1,120,3957,157,34,1,0,.91
BelzerRoe,1,5,22,19,184,1,0,.04
BenSnyder1973,1,6308,6705,4711,23932,1,0,12.63
BenWhiteJr1,1,2447,3160,2616,3074,1,0,22.74
BenattaW,1,435,1402,20,15,1,0,.08
BenejamYsabel,1,3659,4599,13749,9908,1,0,44.63
BerthaM86182440,1,0,8,3,25,1,1,.03
BibleBeltDarlin,0,23998,23730,81181,152729,0,0,203.46
BibsyjeanBarb,1,96,441,4447,14920,1,0,9.75
BigFreedomGuy,0,32,354,9,46,1,0,.03
Bill70465349,1,154,1011,58,882,1,1,.36
BillAtUSDA,1,2218,590,300,543,1,0,.75
Billie_F_26,1,969,1305,4317,24254,1,0,17.69
Birdsnest110,1,34,139,324,903,0,0,1.09
BlkChnCampaign,1,63,1129,390,65,1,0,1.60
Blueangel4101,0,6767,7181,28715,19108,1,0,68.36
Bmatthew20181,1,1122,3166,1160,310,1,0,4.58
BobChristianso8,1,18,84,42,266,1,0,.13
Boharley58,1,500,887,7968,9606,1,0,22.25
Bones_rarebreed,1,1661,3179,3008,1354,1,0,9.17
BotNumber323231,1,0,1006,34,1,1,0,.09
BradleyCooperMO,0,627,326,1610,4218,0,0,3.89
BraulioVentura5,1,23,573,162,442,1,0,.47
Bravog1991,0,93,800,486,598,1,0,1.35
BreannaLea1212,1,85,388,1524,1923,1,1,5.56
Brenda11n12Step,0,9,347,42,810,1,0,.16
BrendaP29026719,1,2168,2529,1179,3123,0,0,4.15
BrentCate2,1,2066,2795,14030,14223,1,0,51.01
BriJustGrant,1,27,191,1187,543,1,0,6.08
Brian4Freedom,0,378,578,2848,2434,1,0,10.24
BrianBe94454535,1,4159,3277,57750,116719,1,0,142.24
BrianFo54517845,0,108,160,745,1886,1,0,2.50
BronsonMemphis,1,7,90,51,99,1,0,.14
BruceNBeans,0,17,185,39,114,0,0,.09
Bry_2020,0,33,236,122,109,1,0,.27
BrysonMDurham,1,1137,3836,42,138,0,0,.10
BubbaJDAM,0,1761,3044,7275,7054,0,0,32.04
BubbaSr556,1,4441,4793,8282,7640,1,0,18.36
BurtFister,1,1371,2018,3147,44817,1,0,7.16
BustaBrown8,1,186,1364,11649,13848,1,0,46.97
ButchScott4,1,1,17,24,41,1,1,.05
C2C_Arizona,1,256,4947,82,213,0,0,.32
C2C_CDA,1,288,4998,464,840,0,0,1.55
C2C_Idaho,1,250,4976,364,486,0,0,1.28
C2C_Washington,1,259,4967,119,184,0,0,.38
CB70039929,1,465,503,6152,4849,1,1,13.91
CCMofficialUSA,1,147,4505,427,1094,1,0,1.01
CEK4TRUMP,1,3900,4969,3322,4653,0,0,17.76
CHAMP25251,1,2665,4097,498,884,1,0,2.26
CParkerBradshaw,0,274,968,19,115,1,0,.04
CStaff0rd,0,114,276,134,8851,1,0,.48
CW4TX,0,2969,7287,305,64,1,0,.70
Cackleberries13,1,1,23,9,2396,1,1,.02
Caliliberal1,1,327,4001,8905,25605,0,1,23.43
CamiloHaller,1,35,174,230,191,1,0,.60
Canadian_Chris_,1,997,1945,1819,12845,0,0,18.75
CapeCodAngel3,1,800,1012,6900,20279,1,0,72.63
CapeCodder86,1,25,272,230,1028,1,0,.95
CaptainPancake6,1,757,1075,2009,824,0,0,10.19
Captainziggels,1,740,1107,28819,36406,1,0,87.33
CaseyCrawford34,0,37,203,83,162,1,0,.18
CassandraWigand,1,60,293,189,992,1,0,1.07
CathyPeper,1,2,18,3,28,1,1,0
CazHaws,1,1,39,1,4,1,0,0
Centipede8686,1,42,173,1565,1373,1,0,9.26
CermolaMatthew,1,20,1193,109,15,1,1,.47
ChadWil01600032,1,18,29,104,157,1,0,.39
ChaeWooLee1,0,5245,5769,17283,16079,1,0,48.00
ChafinMinnie,1,674,1825,4010,7370,1,0,34.56
Champio84209239,1,491,1464,34,90,1,0,.14
CharlesEldonB,0,573,740,908,628,1,0,2.07
ChaseHorton,1,29,557,485,1711,1,0,1.26
CherieProud,1,8814,8968,2284,5964,1,0,7.48
CherylH95005477,0,818,510,3879,22994,1,0,13.56
CherylRNRetired,1,11,33,100,917,1,0,.50
CheyenneMauzy,0,107,628,251,578,1,0,.55
ChicalinaT,1,3228,4905,16162,38536,0,1,51.63
Chiefsloyalgirl,1,1769,4873,193,1275,0,0,.64
ChoctawChoctaw,1,2764,4881,1373,2753,1,0,4.16
ChrisNuelleMO,1,222,273,296,463,0,0,.76
Christi58636003,1,4476,4979,44,159,1,0,.10
ChristianKbond,0,21,81,56,430,1,0,.35
ChristinaClue,1,80,187,85,1,1,0,.22
ChristinaFagan7,1,12,95,163,514,1,0,.77
Churchhill2112,1,2204,2146,29918,25345,1,0,69.57
CinCity1,1,730,946,1636,49814,1,1,7.53
Cindea6,1,7236,7924,35793,17685,1,0,98.33
CindyBe87902296,1,2196,2201,2175,22382,1,0,12.08
CitizenMO1,1,8,105,601,129,1,0,2.35
Citizen_CodyT,1,1080,1562,9281,9598,0,0,20.39
ClaireMc4MO,1,1,29,23,6,1,0,.07
ClanRuun,1,823,2217,12,1,1,0,.06
ClassyDawn,1,224,252,1874,2451,0,0,18.01
ClaudiaLKehoe,0,179,104,38,115,1,0,.17
ClubTaney,0,27,127,63,189,1,0,.15
CoachDavies_28,0,6,62,9,247,1,0,.04
CoachJDank,0,205,1144,2079,10104,1,0,4.91
Coalitionvoters,1,8383,9107,16837,9015,1,0,40.27
ColinJo15371370,1,24,638,23,122,1,0,.09
CollapsibleHill,1,645,2091,84,155,1,0,.26
CompatriotUSA,1,308,1651,8856,21300,0,0,36.59
Concern45416819,1,1155,2168,10461,7259,1,0,55.64
ConservConstitu,1,69,371,6602,13408,1,0,36.27
Corbin88767989,0,4,84,19,917,1,1,.04
CorbinCase,0,25,114,16,92,1,0,.07
CoreyDBolton1,0,26,107,23,26,1,0,.05
CoryStevens1987,0,1,62,5,357,1,1,.02
CounterPunchTee,0,68,164,17,3,1,0,.03
CountryLady2018,1,567,710,315,17705,1,0,.77
Courtne10074801,1,3886,4991,2572,4694,0,0,10.16
Cowboy69881,1,3425,3702,6568,8975,1,0,28.55
Cuccifer_2,1,27,183,1939,169,1,0,5.15
CuriousAnt003,1,900,143,56,138,1,0,.19
Curtis44967825,1,213,280,4053,8618,1,0,14.73
Cynthia03516751,0,661,796,2184,2721,1,0,12.20
D3plorabl3Skyl3,0,2390,2449,16091,10225,1,0,53.10
DATiffany1,1,417,789,12632,6675,0,0,39.35
DCRC12345,1,2,27,38,12,1,0,.08
DJ60235685,1,227,538,2370,3090,1,0,8.06
DLZMAGA,1,2905,3251,34056,42731,1,0,94.60
D_Rob1989,0,26,95,32,137,1,0,.10
DackyFayden,1,16,204,70,316,0,0,.31
DagobahMetal,0,359,1289,226,1169,1,0,.72
DalecomMedia,0,40,169,90,24,1,0,.31
DanKleps,1,136,610,2489,2758,1,0,5.88
DanaAda74943685,1,3,22,39,171,1,0,.21
DanielM29023415,0,434,881,6298,10026,1,0,61.14
DanielS50841361,1,285,4930,3378,99,1,0,9.54
DanielWaltz13,1,2397,4881,18566,13252,1,1,45.72
Danielw24180378,0,88,231,1480,5692,1,0,3.93
DannyK53597151,1,1325,1704,4034,4592,1,0,22.16
Daouda08857515,1,76,2704,957,690,1,0,2.45
DarciMciltrot,1,249,433,9290,4807,1,0,51.89
DarleneIronCity,1,7266,7928,19727,33327,0,0,59.06
Dave84098703,1,1384,1902,49604,48826,1,0,116.44
DaveDonahue16,1,1,13,2,48,1,1,.01
Dave__Wagner,1,739,1416,3355,7614,1,0,12.90
DavenportD54,1,1834,2879,21644,27377,1,1,74.12
DavidCr49639262,1,3626,4996,11539,15580,1,0,76.41
DavidHo71425843,1,3647,5001,11353,16785,1,0,45.96
DavidNKing1,0,1017,2195,3258,4361,1,0,26.92
DavidPe93566204,0,49,153,33,5344,1,0,.10
DavidRo36995652,1,5,19,102,20,1,0,.53
DavidSt55889796,0,43,31,169,209,1,0,.63
David_J_S_,1,136,771,1040,152,0,0,2.97
Davilso67293607,1,203,1125,4,0,1,0,.02
DebDunnavant,1,9,94,1,135,1,1,0
DebDurost,1,1519,1836,13885,30640,1,0,43.12
DebRoznowski1,1,0,8,122,118,1,1,.63
Debbie37334718,1,10,141,38,22,1,0,.23
Deborah53246929,1,8,75,413,706,1,0,2.66
DeeThom97060648,1,149,272,1895,8070,0,0,6.48
Defender452016,1,188,585,3710,928,0,0,28.10
DejersTown,1,5,76,43,8372,1,0,.11
DemocratMiddle,1,39,248,2313,16,0,0,13.76
DeonBester5,1,1311,4955,32,38,0,0,.15
DeplorableAnn2,1,3432,4052,43379,66617,1,0,120.83
DeplorableDebr1,1,704,1142,8012,15350,1,0,28.71
DeplorableMik16,0,4004,4504,2459,1496,0,0,12.41
Diana51997094,1,1,4,4,1,1,1,.02
DianeShire,1,403,834,6317,20925,1,0,27.34
DidierNdayikezz,1,4,108,7,42,1,0,.02
Dixiehillbilly1,1,1123,2150,16004,10582,0,0,36.45
Dobber_DeadPool,1,925,4945,21984,411,1,0,85.87
DonChief4,1,24,656,1,1,1,0,0
DonnaBrentling1,0,1,55,1,0,1,1,0
DonnaCr45,1,4950,5417,17356,82180,1,0,56.90
DonnaMc60424639,0,806,256,44835,57001,1,1,188.38
Dontreachyngbld,1,2720,4425,6356,6911,1,0,23.71
DormanDenise,0,127,291,229,1807,0,0,1.09
Dorothy68213619,1,747,4810,76,281,0,0,.32
DrK51255693,1,1852,2666,3706,2202,0,0,18.07
DrRobotNik2014,0,8,196,14,29,1,0,.04
Drewalan3aolco1,1,4,9,25,3,1,0,.23
DuaneSc64995923,1,8,528,747,3679,1,1,2.43
DuckgoDuck,1,698,1300,2472,1386,1,0,7.94
DudeIndependent,0,23,91,80,2631,0,0,.29
DumpsterJunqk,1,796,1963,532,338,1,0,3.34
Durango1970,1,359,629,2208,1595,1,0,10.46
E32526351,0,1,106,45,287,1,1,.10
EElblase,1,47,407,19,166,0,0,.07
ELGATO01083923,1,553,1137,1502,12883,1,0,15.64
ERCK77,1,233,450,905,430,1,0,2.64
EbrimaB75653679,1,259,5001,39,7,1,0,.21
EckleyToni,1,8078,8539,64659,127836,1,0,145.62
EcologyNZ,1,77,1503,71,29,1,0,.22
EdgyGuy4,0,126,605,1429,1750,0,0,11.43
EffenBarnett,1,1780,3116,858,732,1,0,3.51
Eileen2rte,1,2730,3322,25290,20750,0,0,76.63
ElToro75732917,0,55,197,3736,3321,1,0,10.09
ElectionPolitic,1,159,1781,242,1,1,0,1.24
ElectricTufts,0,55,422,129,40,1,0,.46
ElijahA11587279,1,1,5,3,3,1,0,.01
EliseBr40747507,1,4194,4711,24409,12075,1,0,94.97
EliteKag,1,3684,4467,46153,16505,1,0,164.24
ElizabethAnny3,1,63,738,9,8,1,0,.02
Elizabethkaywh2,1,6535,7226,102089,51529,1,0,227.87
Ellwinzanoriag1,1,99,1070,6,9,1,0,.03
Elyssebeth1,1,21,181,637,503,1,0,1.96
EmmaStory14,1,62,65,58,101,1,0,.23
Eric93329413,1,8,57,68,1050,1,0,.23
EricRus91537683,1,1917,3813,1053,1255,1,0,8.10
ErikCar55290708,1,96,458,392,133,1,0,1.93
ErikanboneM,0,11,49,2,7,1,0,.01
ErinWri73790413,0,21,51,8,202,1,0,.03
EspositoJonni,0,3370,4126,1815,2196,1,0,4.40
EthanPike16,1,4,45,72,40,1,1,.36
EvanPCade,0,47,230,266,2517,1,0,1.27
EverKag4,1,230,375,19649,6270,0,0,69.43
FKH24880422,1,82,526,43,727,1,0,.19
FWhqv,1,133,801,282,14946,1,0,1.06
FYYFF99,0,687,966,1393,1224,0,0,3.34
FightbackFight,1,5635,5747,4715,3942,1,0,24.81
FindingGraceMin,0,17,152,19,11,1,0,.05
FireCrownEyes,1,409,2465,7832,29071,1,0,26.73
FlamingoAudiob1,1,312,1779,765,203,0,0,2.74
FlaugherHannah,0,11,39,33,155,1,0,.18
Floyd01739023,0,2576,3574,3181,0,1,0,9.49
Foojile,1,24,314,1617,2542,1,0,3.59
ForMissouri,0,203,110,300,395,1,0,1.33
ForckLindsey,0,7,67,59,64,1,0,.21
ForgottenMan18,1,2802,4997,7725,4251,1,0,17.20
FoundOne14,1,151,213,5488,6210,1,0,31.54
FoxtrotOscar59,1,594,1149,4057,4901,1,0,19.59
FragranceL7,0,40,1084,6,4,0,0,.03
FrancePittsbur1,1,1084,1564,22005,25331,1,0,81.50
FrankWksdk,1,8,234,1,5,1,1,0
FranklynMonica,1,44,320,53,391,1,0,.28
FraudExplorer,1,549,3418,1183,723,1,0,3.14
FredC00275749,1,0,5,1,10,1,1,0
FredZollars,1,0,2,8,4,1,1,.04
Freddiepalmeri2,1,0,8,2,5,1,1,.01
Freedom1_7_7_6,1,113,159,268,56,1,0,1.12
Frenemy1081,1,277,1354,54,309,1,0,.13
FrequentDissent,1,20,216,628,2748,1,0,1.84
FrontHoler,1,464,2996,208,7331,1,0,.96
FullerIAH,1,1769,2443,2385,8871,1,0,12.75
GBA32079978,1,3220,4228,6703,7039,1,0,25.29
GBOJRJ,1,54,100,359,240,1,0,.94
GMC58985654,1,2,80,231,243,1,0,1.39
GaleShira,1,414,2556,19310,6930,0,0,89.39
Gary26298219,1,38,101,1147,642,1,0,2.59
GaryRidenhour2,1,1912,3012,1900,42402,1,0,4.60
GayVoice,0,793,1011,2734,23216,0,0,6.31
Gaylea504,1,130,772,18,1213,0,0,.12
GenXanon,1,2113,2727,4623,6202,0,0,36.11
GenZfortheRight,1,2699,5591,345,182,1,0,1.61
GenderTraitor16,1,1138,1970,1431,2223,1,0,7.69
GeneHarmon12,0,126,141,1110,4354,1,0,2.53
GeneJon84359095,1,3546,4961,9699,8963,1,0,26.28
GeorgeBillAnde2,1,9,14,10,609,1,1,.02
Georgia_Gumdrop,1,4125,4656,7124,11005,1,0,22.47
GiLLBY777,1,3795,4909,1536,5621,0,0,5.22
GiacomoTerri,1,4159,4430,6539,7059,1,0,47.38
GinnyWilliams4R,0,148,190,8629,9129,0,0,19.21
Glasaya,1,3342,4777,2821,2520,1,0,6.39
GlennGlenndale,1,1170,1510,211,50,1,0,1.26
GloriaDooley364,1,136,1745,61,102,1,0,.17
GoldenStateRev,1,21,476,3,1,0,0,.01
GoodvsEvil247,1,258,412,4468,9260,1,0,10.46
Gooeybutter1234,1,130,258,10127,8549,1,0,30.13
GopSemo,1,16,25,64,48,0,0,.23
GovParsons,1,13,16,10,0,1,0,.03
GradAssist_Phys,0,179,689,8,7,1,0,.02
GrahamGamble8,1,3310,4826,2852,1808,1,0,9.60
GrazingHorses,1,79,199,702,535,1,0,6.88
GreatlyAwake,1,370,659,7203,10243,1,0,27.70
Greenmann10,1,717,1044,4672,2273,1,0,15.07
GregGebert1,0,14,445,57,281,1,0,.55
GregoryPugh10,1,0,12,21,101,1,1,.11
GriffinNamin,0,244,951,564,3057,1,0,2.02
GrizCocks,1,751,1467,3616,11790,1,0,8.16
GuestBrooks,1,3210,4541,2009,8156,1,0,5.75
GumbyDammit2,1,833,1479,4984,2063,1,0,25.69
Gunman6291,1,83,468,61,1231,1,0,.31
GuvMikeParson,1,73,353,190,91,1,0,.47
GySanders,0,2237,2538,848,882,0,0,1.94
HAROLDLMILLIGA1,1,13,268,61,65,1,0,.35
HChuggington,1,44,779,283,7708,1,0,1.28
HKekter,1,135,420,977,10097,1,0,3.23
HWilkies,1,4,40,8,50,1,0,.03
Hammer9631,1,1439,2252,6616,20011,1,0,23.29
HannahGoffer,1,3,59,1,26,1,0,0
HannahRettke,0,36,51,27,79,1,0,.08
HardFactorWill,0,1093,399,731,3969,1,0,2.13
Harley_1955,1,21735,22145,22532,5046,1,0,75.35
HashbrownAnon,1,2883,4409,1118,1220,0,0,2.84
HaveHonor,1,610,1284,8281,8013,1,0,44.04
HaveYouFoundOu1,1,404,748,16520,16221,1,0,74.75
HawleryKaewan,1,1293,2555,1113,12268,1,0,4.03
HawleyOnHawley,1,5,22,21,0,1,0,.05
HeartlandChris,0,3977,5025,37020,42346,0,0,86.69
Heather84419638,0,24,71,61,164,1,0,.20
Heather92147418,1,62,332,163,5186,1,0,.55
HelenMCollier4,1,1172,2171,12364,11433,1,0,34.63
HershelWalker3,1,3753,4992,16765,26310,0,0,104.78
HigeyPolly,1,2002,4758,9297,8234,1,0,28.69
Hillbil50167660,1,1207,1809,3537,2669,1,0,30.49
Hille2Slick,1,203,1083,1312,15009,1,0,3.74
HoggDoubleGs,0,96,232,134,2426,1,0,.43
HoldenRicker,0,57,484,480,138,1,0,1.55
HolyHandGrenad5,1,160,337,1261,2259,0,0,8.35
Holydivinebird3,1,21,121,468,2660,1,0,1.56
HoneyCreekMedia,1,73,204,42,125,1,0,.12
Huddy_up,0,32,292,125,136,0,0,.33
HuffPostMale,1,8,33,400,427,1,0,1.55
HungarianBarba1,1,19,61,150,18,1,0,.66
HunterDStanley,0,58,739,241,1072,1,0,.64
HurdSeth,0,52,187,121,128,1,0,.62
IIllumex,1,105,3628,2873,1694,1,0,9.83
IParasher,1,16,147,254,83,1,0,.62
IamSmondal23,1,14,453,362,2932,1,0,1.48
IamalphagoldG,1,31,264,8,217,1,0,.03
IanMacD06378293,1,1841,2448,1284,352,1,0,5.58
Ignatius_Rei11y,1,29,402,186,620,1,0,.53
IlikeMike4,1,6,60,105,177,1,0,.45
Illinois_chump,1,2598,4037,3820,3461,1,0,8.82
InterestingDayz,0,436,1139,1421,2039,0,0,3.78
Irishredhead201,1,2867,4737,692,2109,0,0,2.33
IrredeemableDe1,1,511,633,4130,4281,1,0,14.14
IsaiahTweets15,1,60,351,673,2621,1,0,2.39
Isaiah_World93,1,289,1426,1447,13,0,0,5.46
JAFaust1,1,3,9,52,7,1,0,.11
JBlaze8585,1,139,2240,274,486,1,0,.64
JBoltonham,1,0,24,16,1,1,1,.04
JCDC50864804,1,5,11,17,183,1,0,.05
JDubChuck24,0,17,118,195,441,1,0,.69
JLfc86,1,44,328,758,3687,1,0,2.98
JMichaelPatton,1,24,91,5,24,1,0,.02
JSAPROMAN,1,3799,4884,12346,10194,1,0,28.44
JTollson,0,4,65,26,10,1,0,.08
JVCowspiracy,1,12,67,377,723,1,1,.96
JW2xnXnxblEe5uQ,1,97,304,1817,8877,1,0,5.28
JWaxelbaum,1,186,297,105,330,1,0,.36
JackKafir,1,1822,2993,1821,1635,1,0,5.23
JackRideout5,0,111,530,673,925,1,0,3.73
JacksThorns,1,8380,7833,34089,30592,1,0,140.28
JacobDVoegtly,1,3435,5003,6511,6950,0,0,29.19
JacumeJ,1,818,1958,2504,4062,1,0,5.61
JaikubN713,0,34,171,3170,1350,1,0,6.99
JairusMatthias,0,208,610,1857,1610,1,0,8.63
Jake_Brown_2,0,14,64,47,94,1,0,.13
James77057910,1,65,144,1110,9753,1,1,2.58
JamesBe60030545,0,3,80,6,13,1,1,.02
JamesBr40728728,1,11,221,330,209,1,0,.78
JamesDa92126508,1,21,252,147,230,1,1,.56
JamesGerard__,1,2112,4925,509,297,1,0,2.15
JamesGidcumb,1,4084,4870,16429,14719,1,0,83.39
JamesHo80104663,1,1887,3302,313,7252,0,0,1.51
JamesLizotte15,1,9110,9451,18730,31688,1,0,74.92
JamesMi40892107,1,1455,2298,6650,5414,0,0,39.58
James_Steiner_V,0,2539,2972,9659,11643,1,0,25.48
Jamikels0,1,3208,4149,13902,3760,1,0,30.42
JanetJa55586250,1,84,216,1875,7596,1,0,8.33
JaniceKroesser,1,1559,3057,959,3500,0,0,4.02
Jason43800365,1,528,479,11596,29006,1,1,33.70
Jason76888132,1,418,896,12092,32229,1,0,39.38
JasonWhitsitt,1,213,453,1587,1377,1,0,8.13
JayBizz27,1,3000,4468,4633,7744,1,0,22.71
Jaybird655,1,36,425,663,705,1,1,2.08
Jc888J,1,2693,3800,31682,50635,1,0,72.66
JeanetteDenise2,0,2473,2826,4639,13991,1,0,15.72
JeffDur69997777,1,72,536,788,2212,1,0,1.72
JeffersonCoGOP,0,58,78,15,9,0,0,.05
JennasRedPill,1,692,653,19733,25373,1,0,102.24
Jennife72253578,1,162,850,1285,689,1,0,8.23
Jennifer_FE_C,1,3,35,1,6,1,1,0
JeremyG35877715,1,6,17,2,7,1,0,.01
JeremyStocks1,0,291,731,2257,373,0,0,8.14
JerryCova_,0,719,3724,159,2856,0,0,.53
JerryQuillman,1,35,199,18,5883,1,0,.06
Jess89013904,1,59,250,824,5721,1,0,2.09
Jesse12066342,1,5,51,341,563,1,0,1.42
Jessica03011179,1,23,142,258,1215,1,0,.77
Jessica37792236,1,502,4249,13,55,1,0,.03
Jessica91022050,0,4,94,12,29,1,0,.03
Jessicaqdjqdal1,1,136,391,1252,838,1,0,3.46
Jessilive55,1,153,709,2445,3381,1,0,11.75
JesusFirst2018,1,652,873,6879,6226,1,0,16.03
Jfv_golftr,0,93,308,480,1255,1,0,1.22
Jhonny04589942,1,38,529,116,916,1,0,.67
JillAlex_Layla,1,9,187,180,657,1,0,1.47
Jim08769248,1,2,37,53,75,1,0,.18
JimericanTweets,1,10485,11519,31159,3602,1,0,89.28
Jnellcallaway,1,7395,7626,3087,7656,1,0,10.71
JoAnn46264215,1,7,285,13,114,1,1,.03
JoJoLaLaTrumpe1,1,2486,2931,20732,24448,1,0,64.38
JoanFow37890825,1,1880,2969,10487,12183,1,0,24.21
Joe42256360,1,43,126,691,1065,1,0,6.97
JoeC_103percent,1,3264,4343,14226,14064,1,0,35.47
JoeMerriman11,1,37,28,12289,4143,1,0,32.33
Joestashko1,1,0,27,54,0,1,1,.13
JoeyDadBod,1,2,96,31,106,1,0,.13
John64186674,0,5,145,20,31,0,1,.04
John74485509,0,18,68,283,1218,1,0,.79
JohnADeMarco,1,308,4488,103,101,1,0,.38
JohnBel26211519,0,967,1123,786,1285,1,0,4.39
JohnJimson3,1,0,41,140,217,1,1,.31
JohnLoc91604563,1,13,321,17,633,1,1,.04
JohnO32775457,1,3,14,46,351,1,0,.24
JohnPCahill1,1,1446,4575,2888,13430,1,0,16.98
JohnRimmerJr2,0,3022,4092,7358,11909,1,0,18.39
JohnWayne4538,1,75,723,118,4526,1,0,.51
JohnWillmon6,0,7533,8208,15100,13611,1,0,47.78
John_Fleck1957,0,29,257,14,98,1,0,.03
Johncoo36014151,0,115,75,587,19660,1,0,1.45
JonLBranning,1,86,522,110,353,1,0,.36
JonahvanD,1,101,2506,708,2081,1,0,2.26
JoniPerry4MO,0,91,340,135,211,0,0,.35
JordanM21341864,1,91,3158,4,4,1,0,.01
Jorju5,1,130,404,3108,5382,1,0,7.09
JosephMe18,1,7463,8084,33736,20303,1,0,84.97
Josh12807037,0,44,219,372,1712,1,0,1.38
JoshYonks,1,56,129,10,42,0,0,.02
Joshua56123898,0,9,57,55,542,1,0,.13
Joshwawashere,1,13,136,4,293,1,1,.02
JosliaSdaSilva1,0,2816,2687,39235,25334,0,0,162.12
JoyHasting,1,575,2241,42,9,1,0,.20
Joyceda87640030,1,237,516,1991,3733,1,0,8.54
JrL005,0,34,54,67,329,1,0,.19
JudgeDebate,0,141,421,1568,10401,1,0,4.59
JudyAnd80564512,1,208,293,8636,5822,1,1,29.67
JudyDeRose1,1,18,117,1945,2942,1,1,10.80
JudyRidgeway5,1,20,244,623,608,1,0,2.45
JulieStull3,1,30,52,131,2822,1,0,.69
JustJVega,1,5373,5563,14015,32270,0,0,47.83
Justanelectric1,1,45,133,2156,2227,1,1,7.04
JustinParadies,0,25,159,104,2438,1,0,.36
K8Mazr,1,2,58,19,41,0,0,.15
KAREN66081242,1,4,17,15,63,1,0,.04
KCConsumer,0,9,318,0,93,1,0,0
KGoodsman,1,1,47,1,1,1,1,0
KOTampa2020,0,300,813,2447,6577,1,0,11.70
KTroutey,1,29,205,692,1858,1,1,2.18
KYminarchist,1,62,156,622,2244,1,0,1.43
Kadee65696088,1,10,173,10,69,1,0,.02
KalebSchutt16,1,97,1592,156,534,1,0,.50
KarisKairos2,0,2916,3730,41588,8701,1,0,358.51
KarmaGodsey,1,0,35,4,26,1,1,0
KatNovella,0,13,121,123,1025,1,0,.31
KateQui87924488,1,4509,4971,43540,41545,1,0,172.77
Kathlee33333333,0,220,320,1786,2144,1,1,3.90
Kathy21743456,1,20,546,23,2915,1,1,.10
KatiesCorner1,1,1527,2843,1564,1174,0,0,7.48
KayKk909,1,2,44,863,910,1,1,5.39
KayRoseUSA,1,2850,3221,6411,3739,1,0,16.52
Kcco_Fangirl,1,617,1151,3292,8854,1,0,16.71
KeithEugeneMill,1,43,1125,7,0,1,0,.01
KeithlStarke8,1,1723,2250,2739,1183,1,0,8.30
KekterHannibal,1,204,449,2098,22752,1,0,7.28
Kelly4Missouri,0,22,58,85,18,1,0,.47
KevinPopeSTL,0,10,315,5,5,1,1,.01
KimBennettRose1,1,59,623,473,300,1,0,1.44
Kimberl90005779,1,39,188,7,45,1,0,.02
KinnerLolli,1,1987,2532,1158,15619,1,0,6.39
KirkVolding,1,0,1,1,0,1,1,0
KjrMolon,1,944,2377,28105,72530,1,0,127.75
KlasicalLiberal,1,2051,3225,5039,17075,1,0,18.12
Klm187,1,429,560,33908,31490,1,0,152.05
KlocKriz,1,35,521,85,455,1,0,.48
KnowitA70657399,0,215,446,553,1016,0,0,3.07
Kobe248GOAT,1,22,138,61,44,1,0,.19
Kobe30063603,1,0,41,17,0,1,1,.04
KommaKozzie,0,138,287,1787,1728,1,0,5.93
Kristin13711792,0,6,114,5,11,1,0,.01
Kstweetermy1,1,0,10,137,17,1,1,.76
Kyle51190482,0,155,1162,212,1561,1,0,.46
KyqGAFcC89N7B6x,1,22,102,57,67,1,0,.22
KyserSteven,0,15,193,117,533,1,0,.27
LFIMIKE,0,2321,3436,3314,5135,0,0,9.05
LJones47394947,1,142,180,32196,44914,1,1,94.69
LMotsaball,1,154,668,170,2740,1,0,.38
LaRazaRacism,1,4176,4892,37579,21517,1,0,85.60
LaceyHirsch1219,0,41,149,42,161,1,0,.10
Land18331970,1,54,420,3099,1177,0,0,10.16
LanetteNordqui2,1,114,276,1337,4365,1,0,3.01
Latoya58393546,1,2,205,51,30,1,1,.16
LauraJFiveO,0,53,222,31,2144,1,0,.11
LauraJo94053657,1,6,25,14,134,1,0,.03
LawOfficesofCh5,0,115,390,83,23,1,0,.26
LdChief,1,2467,3045,676,3619,0,0,2.60
LeekGauntry,1,27,1247,696,2664,1,0,2.76
LeftysFear,1,510,800,2824,2154,0,0,11.52
LesterW22798191,1,1834,3355,2606,1870,1,0,5.90
LettersToVoters,1,1795,1735,347,518,1,0,1.59
LibertySLLC,0,1515,1688,1381,1554,0,0,6.39
LieBusterSleuth,1,885,1055,20592,12264,1,0,45.25
LiebmannOf,0,6,30,7,65,1,0,.01
LifeInsuranceG2,1,2872,3867,281,404,1,0,1.68
LightlyLoris,1,8,69,47,22,1,0,.22
Lightseeker71,1,391,706,936,3876,0,0,8.58
LillyPathe,1,483,1777,1802,2309,1,0,6.04
Lillysplace1,1,2943,4473,1830,648,1,1,8.63
LindaJo70400648,0,2362,3369,15323,17771,1,0,35.06
LindaWa38867668,1,242,423,4049,2399,1,0,21.31
LisaOvercomer7,1,7617,8362,83929,85561,1,0,186.50
LisaWel08040568,1,1065,1947,1242,2760,1,0,4.23
Lisathelake1,1,1,17,3,139,1,1,.01
LobbyistC,0,23,155,254,54,0,0,.86
LocalPressHK,1,65,229,134,389,1,0,1.00
LoganPool2,1,20,187,191,809,1,0,.62
LogicBomb14,1,1,54,109,562,1,0,.42
Lora14871,1,379,423,658,589,1,0,2.69
Lori51051723,1,33,90,232,8218,1,0,.82
LoriOgden16,1,1659,3035,16293,7990,1,0,37.11
LottieFrank17,1,310,497,2106,7147,1,0,5.54
LouiseLowrey,1,306,611,942,1551,0,0,3.60
Louisemsugar,1,3023,4988,22153,19561,1,0,64.77
LovesRemo,0,18156,18951,14173,13576,1,0,42.56
Lowman4MO,0,52,293,80,286,1,0,.20
Lucas96396891,1,3,27,1,12,1,0,0
Lucyinthesky427,1,44,266,1907,3137,0,0,4.25
LukeAtchison3,1,20,122,271,310,1,1,1.53
Lumedi2,1,9,73,2,7918,1,1,0
M68Tony,1,20796,22357,9006,3762,1,0,36.90
MAGABattalion,1,17,102,860,2325,1,1,4.88
MAGAMama7,1,1514,2431,6420,24430,1,0,24.59
MAGAMikeG1,0,2604,2805,2259,395,1,0,12.14
MBStidham,0,138,420,187,758,1,0,.51
MCXSigSauer,1,494,946,431,4949,0,0,3.84
MDeschamps13,1,96,312,5158,8862,1,0,27.88
MGeotus,1,1,40,9,15,1,1,.04
MHood68076218,1,2,54,9,2648,1,1,.05
MJ_Sails,1,1702,3804,10487,23456,0,0,26.75
MLSCLM4,1,14330,12556,23534,28146,1,0,54.10
MN1Conservative,1,351,805,2805,2343,0,0,7.68
MO_Feeds,0,3,121,2,0,1,0,0
MOpoliticsMEMES,0,10,80,13,4,0,0,.06
MYOBpl33z,1,154,484,152,24474,1,0,.44
MaaGosh,1,42,158,1746,359,1,0,4.43
MaatSattva,1,421,1552,1628,1239,1,0,6.07
Macktho68422708,1,95,1033,340,5040,1,0,1.31
MagaJoe1,0,59,190,56,2213,0,1,.19
MagaMoguls,1,1153,1278,637,21567,1,0,4.33
Magaman1337,1,33,169,478,500,1,0,2.77
MagisterialPre1,1,508,3202,5313,7802,0,0,22.80
MahgdalenRose,0,28385,713,6938,13531,0,0,16.59
MaishanuMuktar,1,244,4931,1789,1410,1,0,6.62
MakeTerry,1,26,352,163,5577,1,0,.91
Mal41pilotgrove,1,1458,3025,14529,8549,1,0,33.78
Malepoliticians,1,12,332,4,0,1,0,.01
MarYann22115978,1,56,315,2,61,1,1,.01
MarcGagne16,1,1341,1579,4538,2862,1,0,13.26
Maribol12,1,283,480,4649,3079,1,0,28.00
Mark61772397,1,2444,3091,3331,2671,1,0,16.90
MarkHovis42,0,333,1011,2266,14237,1,0,6.02
MarkTho70412994,0,496,327,27685,3888,1,0,120.36
MaryAdamsCrane,1,30,238,45,299,1,0,.14
MaryBelow1,0,35,153,88,90,0,0,.24
MaryVonarx,1,32,203,6,56,1,0,.01
MatinMiahMatin1,1,625,4716,1,0,1,1,0
MattAdk63157351,1,6,33,275,142,1,0,1.34
MattStuby,1,17,529,529,2447,1,0,2.08
MattTheBart,0,2716,4247,14,306,0,0,.03
Matterific4KAG,1,1205,2113,3609,2870,1,0,20.50
Matthew_Stross,0,24,135,6,3,1,0,.01
MaxMedieval,1,2218,4180,5093,8092,0,0,29.27
MaxaMooMoo1,1,8,115,43,25,1,0,.27
MayaLVela,0,77,155,238,499,1,0,.53
McdowellDede,1,9,38,29,96,1,0,.17
MckeonBonnie,1,725,2986,22,43,1,0,.08
Me86793059,1,3897,4996,61342,68667,1,0,142.32
MeganWi60715806,1,2,68,3,12,1,0,.01
MeintjesTheo,1,683,1970,589,34440,1,0,1.33
MelA_0922,1,166,325,26273,54214,1,0,64.87
Mermaid7474,0,7896,6350,58579,75397,1,0,133.43
MesterMetokur,1,33,374,2123,94,1,0,13.26
MethuselahsDN,1,238,761,5923,8232,1,0,40.02
MettlerLaw,0,13,186,5,4,0,0,.01
MeyerWill16,0,81,43,16,75,0,0,.05
Michael02401326,1,1649,2071,10274,10439,1,0,31.51
Michael07604325,0,246,873,1542,46,1,1,4.16
Michael09732938,1,2,35,21,5,1,1,.09
Michael2Dub,1,262,333,5462,1802,1,0,30.85
Michael58344214,1,44,134,154,4167,1,0,.52
MichaelCBurris,1,60,472,5,10,1,0,.01
MichaelTuhill,1,2,63,43,10,1,0,.09
Michael_Froedge,0,300,520,401,1301,0,0,1.26
Mick96344069,1,28,184,868,2265,1,0,2.29
MidMOGOP,0,334,649,131,167,1,0,.40
MidTermWars,1,1781,1493,5627,3775,0,0,20.76
Midterms2018x,1,15,78,365,403,0,0,2.41
MikeBrown_MDGA,1,1,12,3,0,1,0,0
MikeHaffnerMO,1,189,285,49,52,0,0,.14
MikeLaskowski6,1,40,237,368,4553,1,1,1.23
MikeLee25503369,1,52,640,8427,2992,1,1,31.68
Mike_Lawson_55,1,3625,4813,36948,56400,0,0,84.35
MinEddieCage,1,2642,5000,772,155,1,0,5.25
MissouriRepub,1,3,22,7,2,1,0,.04
Missourians1st,1,374,1286,116,97,1,0,.46
Missouriover,1,42,545,960,576,1,0,2.10
MisterRightWing,1,107,261,1542,2495,1,0,7.86
MitchKRCG,0,7,63,5,0,1,0,.01
MitigatingM,1,1,4,8,1,1,0,.04
Mizzou_FedSoc,0,52,326,220,228,0,0,.65
MoPopskull,0,3133,3175,21411,20487,1,0,50.85
ModConMovement,0,23,240,80,1459,0,0,.23
MoganErika,1,293,1724,13,4,1,0,.06
Monica19815,1,281,261,3087,5355,1,0,12.05
MosdefMe,1,169,498,1903,9358,1,0,8.16
Moxie_Maee,0,118,426,376,5322,1,0,2.36
MrIraBorton,1,25,159,825,1460,1,1,2.03
MrsShelby3,1,463,767,13690,22136,1,1,64.57
MsDiana44472636,1,1013,1616,1466,2159,1,0,8.09
MsJettexas,0,747,1073,4445,6894,0,0,10.03
MunsonMarta,1,27,68,189,553,1,0,.57
MusicIan613,1,12,45,374,1042,1,0,1.59
MyBoiJimmyD,1,4647,5113,64793,87279,1,0,147.92
MyraCal15405547,1,21,162,2,32,1,0,.01
MyrtleSheri,1,661,1653,4023,9674,1,0,11.49
NEC_PAL_CLR,1,191,2261,12,3362,0,0,.07
NICO37285641,1,496,833,15351,13661,1,0,74.15
NKamesar,1,8,545,50,29,0,0,.15
NYTDaniel,1,170,1454,8853,3922,1,0,24.12
NaNa71479896,1,335,500,2371,4337,1,0,12.54
Nainah59309095,1,1,127,1,10,1,1,0
NajeraWolcott,0,19,106,95,351,1,0,.40
Najir04704880,1,2,92,11,2,1,1,.04
Nancy65342873,1,6431,6819,43795,40551,0,0,228.09
NancyBichet,1,35,1641,3,5,0,0,.01
NataliePrewitt7,1,163,497,4972,4588,1,0,29.59
NathanCBeckman,1,65,376,727,7443,1,0,1.67
NathanCoatneyMO,0,23,54,22,13,1,0,.17
NationTrumpNews,1,357,373,1542,16,1,0,3.41
NavalInfantry,0,2187,1174,4326,40193,1,0,12.08
Naylorjack88,0,20,143,337,590,1,0,.77
NeatNeature,1,13,312,89,0,1,0,.23
NewCriticalMess,1,1362,1412,16690,3342,1,0,79.85
Newme02099888,1,18,125,48,803,1,1,.39
News2State,1,2782,4189,8167,8088,1,0,18.56
NicholasBallas,1,131,1663,19,497,1,0,.04
NicholasRaffa,0,17,237,276,104,1,0,1.42
NickGerling1,1,28,263,56,166,1,0,.12
NicolePerrine5,1,239,474,1785,3918,1,0,6.19
NikkiMa05752872,1,6,24,6,11,1,1,.02
NinaMIngram1,1,4683,4783,12591,34723,1,0,102.36
NoahPetersLaw,1,191,743,2309,16907,1,0,5.48
NorbertStrohma1,1,1653,2805,2273,2089,0,0,5.96
Octopus90429947,1,2608,3168,16288,7202,1,0,59.22
Okinawa_1945,0,57,137,178,592,1,0,.83
OleRaceDawg,1,718,1207,2255,15607,1,0,5.26
Orangecounty201,1,5,130,664,387,1,1,3.47
OreVoter,1,3391,4444,1423,2650,0,0,3.42
OrigTamstress,1,267,372,11903,12795,1,0,44.91
OrmilaC,1,177,1674,29,10,0,0,.18
OrvinVarud,1,50,295,2464,9471,1,1,11.56
OveurCapt,1,30,149,223,94,1,0,1.31
OwenHerndon3,1,71,561,190,3514,1,0,.43
OzarkDailyNews,1,8,45,202,71,0,0,.76
PJones1776,0,233,181,4267,10695,1,0,24.66
PMS7131,1,3,128,34,23,1,0,.15
PO66132234,0,3293,4956,50149,7582,1,0,125.37
Pacificnw777,1,4569,4432,47969,67713,1,0,110.27
PalomaScarpaci,1,11,158,15,50,1,0,.06
Pam58622393,0,714,1257,4635,22414,1,0,14.57
Pamela67984476,1,647,3345,173,200,1,0,.39
PatrickMuttart,1,2148,3607,393,17022,1,1,1.35
PatriotFKS,1,14004,14723,4296,7496,1,0,10.58
PatriotQAnon,1,1561,2792,6244,7169,1,0,16.60
PatriotRain,0,2338,3520,3012,1347,0,0,7.62
PatriotT111,1,146,536,2313,2166,1,0,7.68
PatrioticRen1,1,50,359,46,16,1,0,.23
PatriotsPraying,1,144,305,186,4619,0,0,.75
PatriotsueQ,1,1678,2556,3548,1365,0,0,13.75
PatroitU,1,509,835,4800,5580,0,1,49.48
PattyMcDermott5,1,0,3,9,0,1,0,.03
PaulCockerham7,0,491,911,2549,2603,1,0,14.99
PaulKal47646026,1,194,916,27,531,1,0,.15
PaulRiehm,1,1188,1794,730,1120,1,0,4.01
Paula74267246,1,1,36,10,758,1,1,.07
PaulaBl62385983,1,2355,2993,23291,30306,1,0,54.16
PaulaPo99026947,1,72,272,5316,18984,1,1,16.20
PaulieTail,1,17121,16458,26172,32,0,0,105.53
Paulieschmidt,0,16,22,4,0,1,0,.01
PedroJoseCald13,1,1,44,1,2,1,1,0
PeibangGu,1,340,4986,235,550,0,0,.72
PeterPfeifer18,1,467,673,185,1395,0,0,.50
PeterSas13,1,1004,1290,7372,4801,1,1,38.59
PetrZimbel,1,5,82,5,25,1,1,.02
PetrizzoGroup,1,59,633,34,33,0,0,.08
Phantom_M61A1,1,4987,5457,10434,41201,1,0,62.10
PhxRd,1,111,330,1707,5158,1,0,5.78
PibbleGalRedux,1,1858,2998,11053,26523,1,0,39.61
Pigpaw12,1,69,385,1717,17344,1,0,6.50
PillLlc,1,8322,9142,18220,17710,0,0,60.13
PolicyWonk6,1,0,20,4,6,1,0,.01
PoliticalMom1,1,2057,2912,747,1858,1,0,2.57
PoliticallE_CRT,1,239,979,712,1950,1,0,3.09
PresNutcracker,1,27,81,134,126,1,0,.73
ProudICEMom,1,87,279,880,10930,1,0,4.48
PubliusEnigma2,1,5,178,2,0,1,1,0
Publius_I,0,189,454,1176,746,1,0,3.31
QAria131,1,196,366,3973,5963,1,0,16.55
QBlueSkyQ,0,22885,19656,17542,48686,1,0,40.70
QPatriot06,1,2312,2693,12260,12024,1,0,34.34
Qstorm1969,1,147,566,1496,1472,1,0,3.65
Quantumplayer2,1,3261,4986,1424,3700,0,0,5.03
QueenBeeSssting,1,3598,4840,2544,8858,1,0,10.73
RAYA727,1,71,221,4132,6349,1,0,9.12
RCraigson,1,89,3566,1102,766,1,0,2.60
RGop777,1,7,129,2,13,1,1,0
RKurtell,1,16,70,395,514,1,0,1.25
RL3203,1,3,30,11,83,1,0,.10
RMichaelLane1,1,2338,3477,4234,346,1,0,16.16
RUSHfan1981,1,82,565,18,135,1,0,.11
RVAPhotoGirl,0,671,829,2464,8888,1,0,9.05
R_Faith_1,1,12238,13289,22037,23709,1,0,50.31
RabbyAdiana,1,20,785,14,169,1,0,.05
RacerXremix,1,1653,2692,3642,4518,1,0,10.68
RaffelsonEllen,1,2080,3491,2398,2136,1,0,5.43
RalphVatterott,1,0,3,3,1,1,1,.01
Randall87159098,0,737,1510,697,889,1,0,1.85
Randayes031,1,4046,4981,13218,29971,1,0,40.79
RandyBowden11,1,6,73,21,186,1,0,.14
Rascalsfan76,1,100,1118,24188,13401,1,0,86.07
Ravage95297328,1,681,1280,7073,1020,0,0,16.14
Rb52563Timothy,1,133,4695,1798,25530,1,1,4.33
RealDennisHugo,1,14,39,413,178,1,0,1.58
RealFernGarcia,1,1429,2415,2003,15059,1,0,8.17
RealMonetti,1,58,27,25,14,1,0,.07
RealMrLWilson,1,10,133,162,724,1,0,.91
RealTruth_Anon,0,2492,2857,15870,20869,0,0,45.34
Real_SweetT,0,248,596,1553,3014,1,0,5.56
RedPilLightBriT,0,397,714,2131,3177,0,0,4.86
RedRiverT,1,8102,8888,29742,44981,1,0,123.92
RedTsunami12,1,5340,5839,9895,10315,1,0,30.35
RedWave2018,0,213,262,753,836,1,0,1.65
RedWaveRising1,1,3372,3848,17944,18192,1,0,43.65
Reed51Scotty,1,2049,2622,1385,3351,0,0,8.71
Regat69Mac,1,4193,4977,5507,22316,0,0,13.59
Rep_Author,0,5,72,38,94,0,0,.22
ResistTheElites,1,144,748,5430,8175,1,0,18.65
RhinoMaga,1,977,1787,3911,2726,0,0,15.27
Richard42687527,1,2091,2930,11643,7634,1,0,73.22
RichardAWeber4,1,79,955,1009,482,1,1,2.42
Rickgilliland31,1,153,748,105,2078,1,0,.61
RiffelNick,1,208,300,465,1161,1,0,1.55
RightThing8,0,223,393,482,812,1,0,1.80
RobertMElliott1,1,0,2,3,1,1,1,.02
RobertS25208824,1,2,64,22,217,1,1,.05
RobertS43668009,1,0,28,338,276,1,0,1.60
RocksMaga,1,2868,4582,3304,8772,1,0,19.55
RodStark2,1,1521,1754,18312,41639,1,0,41.42
Romildo96573148,1,46,539,20,11,1,0,.11
RonGutierrez20,1,720,922,1085,433,1,0,3.54
Rooster64195131,1,2661,3600,2535,664,1,0,15.64
Rootsplusyumyu1,1,142,1436,1829,9962,1,0,5.86
RossMcDowell8,1,20,55,78,303,1,0,.43
RoyalsFanMo,0,5,90,70,34,1,0,.15
RuleofLawGuy1,1,94,128,760,296,1,1,2.72
Russvoght10,0,18,207,109,19,1,0,.50
RyanLew46775869,1,891,1300,20047,49711,1,0,72.89
RyanSee08,1,992,1482,858,1606,1,0,3.90
SAgenda1776,1,11819,12626,4031,3045,1,0,19.28
SBarr05299608,1,3465,4728,13033,4057,1,0,34.75
SISTERANGELAVA1,1,136,4970,15831,11555,1,0,38.33
SRussP1,1,11,139,162,762,1,1,.64
STC_GOP,0,103,55,97,60,1,0,.30
STEPHEN57968775,1,212,894,83,0,1,0,.53
SabasCastellon2,1,25,1285,2,4,1,1,.01
SaharaKNankan,0,142,346,1050,3212,1,0,3.06
Sajjad66195168,1,12,317,5,520,1,1,.01
SallySc99566780,1,17,97,405,4570,1,1,1.92
SaltMiners4MAGA,1,2197,2703,2729,20630,1,0,13.57
SamBake33905016,1,204,735,880,475,1,0,9.16
SamLizzyn,1,3565,4886,1142,3430,0,0,3.81
SamuraiJ8,1,18,94,53,9203,1,1,.15
SandraO22663788,1,55,570,4,1,1,0,.01
SanityReign,1,1660,3090,6530,6293,1,0,34.18
SantinoCorlion2,1,2934,4997,3251,543,1,0,14.51
Sara82398777,1,6,24,4,34,0,0,.01
Sarah57356354,1,2,19,23,29,1,1,.09
SarahCl57758678,1,493,712,3120,8581,1,0,17.23
Saybella1,1,150,1179,73,47,1,0,.39
ScherffiusNorma,1,3998,5001,20739,33734,1,0,49.37
SchumanMaddy,0,65,177,842,3235,0,0,4.47
ScottKraemer12,1,20,1588,115,186,1,1,.50
ScoutingGiants,1,2497,4868,6735,15653,1,0,16.58
Scubadiver19107,0,327,168,935,27169,1,0,2.06
SeanF17091479,0,1626,839,3970,1067,1,0,10.47
SeanWilliamsSnT,0,49,240,329,1145,1,0,.84
SeasideIn,1,36,950,4,1,1,1,.01
Secureitpack,1,123,671,34,7,1,0,.09
SeekingTruth76,1,170,421,6708,4245,1,0,19.44
Selah4Q,1,231,696,1852,4081,1,0,4.52
SenseandTruth,1,1288,2183,1298,2341,0,0,4.12
ShadowbannedRep,1,236,353,22780,25332,0,0,52.00
ShaneDouglasECW,1,554,1842,6620,13444,1,0,23.64
ShaneRay1981,1,1,14,2,0,1,1,0
SharonMill5,1,59,706,3,1,1,0,.01
Shaunboyce5,1,3205,3783,4239,4093,1,0,17.81
ShawnLyn5,1,8380,8734,44543,92119,1,0,220.50
ShelbyLynneXo1,1,540,4553,19,306,1,0,.08
Shiningspirit2,1,2082,2488,5025,33158,1,0,13.84
Shivakncr,1,31,521,1151,632,1,0,3.86
ShowMeTheTyrant,1,1,3,5,79,1,1,.01
Silence451,1,1139,1740,4448,6574,1,0,21.91
SilverBlades17,1,887,961,5224,35747,1,0,18.99
SimmsTokuha,1,1,34,29,0,1,1,.17
SinPerez1,0,2193,2951,8065,2860,1,0,29.76
Skbt22,0,1,398,13,2,1,1,.04
SlaveLegal,1,4022,4462,7152,8087,1,0,15.85
SleepyMTP,1,95,792,1872,2809,1,0,8.91
SonOScrutinizer,1,496,1183,16031,7137,1,0,78.20
SorosInSTL,1,459,1050,2196,2852,1,0,5.91
SpeedyKristi,1,6,94,331,1,1,0,.88
SpencerRChism,0,33,207,58,130,1,0,.24
SrBelkin,1,24,85,634,6436,1,0,2.24
StacyCreech2,1,20,31,260,982,1,0,.73
StacyOlney1,1,1,16,0,26,1,0,0
Stalin20201,1,94,500,1607,10347,1,0,8.11
StateOfStein,1,67,1304,423,355,1,0,1.41
StephanieGorha9,0,1210,1374,6959,23955,1,0,32.67
Stephen03044902,1,2557,4854,5720,4515,1,0,17.60
Stephen12020946,1,2231,2517,2686,9,1,0,8.72
StephenJung9,1,3,35,144,173,1,1,.31
StephenPetters8,1,1429,1529,3344,5421,1,0,12.76
SteveBr41806241,1,1269,2396,1251,20931,1,0,3.18
SteveJo12347836,1,31,309,14,8329,1,1,.06
SteveTruska,1,0,1,1,0,1,1,0
StevenH98672787,1,428,935,1782,2023,1,1,9.00
StevenW81198995,0,32,60,208,381,0,0,.49
Stl_GOP,0,164,50,194,267,1,0,.51
Stl_farmer,1,109,242,6410,6940,1,0,14.70
StockBrokerBoyd,1,2,68,19,0,0,0,.06
StoneZoda,1,6024,5983,8368,58926,1,0,31.81
StopMediaHate,0,4818,1221,11133,10645,0,0,42.81
StormofSteel99,1,155,187,2677,2155,0,0,6.43
Stormydaye2,1,2257,4136,398,356,1,0,1.10
Str8Don,1,2254,2428,704,829,0,0,2.61
Str8DonLemon,1,18120,14170,84215,62824,1,0,209.49
StrategicLobby,1,86,252,153,158,1,0,.56
Su_Su_Sussudio,1,58,90,2495,10226,1,0,6.39
Subrata87928264,1,317,4973,8768,20775,1,0,44.06
SuperCerial5,1,23,304,310,6140,1,0,1.69
Swami_P16,1,115,4965,238,0,1,0,1.17
SwampH8tr,1,383,1254,6619,13895,1,0,14.67
SymmetryRadial,1,1417,1621,3291,20586,0,0,11.23
TDDK4400,1,17,200,1731,203,1,0,4.91
TDSisaBitch,1,3,47,258,710,1,0,1.68
TKalleck,0,108,223,451,319,1,0,2.10
TKen1985,1,1524,2383,4246,35939,1,0,9.92
TPage6125,1,339,1040,1332,7625,0,0,4.16
TYC_Sean,1,28,196,97,295,0,0,.51
TalkPolitics247,1,165,337,3701,7078,1,0,8.46
TammyTampaRed,0,689,389,2448,14199,1,0,12.42
Tdog161,1,3135,4044,1439,732,1,0,5.32
TeamHawley,0,1253,263,1853,22,0,0,4.98
Teresa13218380,1,4164,4910,8860,8093,1,0,20.79
TerryBickersta2,1,3721,4995,15351,9168,0,0,62.40
TexasPat4Trump,1,2258,4699,41931,19578,0,0,94.01
ThatOne80371373,1,0,4,4,0,1,0,.02
TheCircle090909,1,4,206,73,2061,1,0,.24
TheCocaineMitch,1,9,73,23,1,1,0,.18
TheDataHaven,1,9,105,50,1,0,0,.14
TheGOPOG,1,100,629,8,1,0,0,.01
TheMODownload,1,15,50,38,0,1,0,.11
TheMartyrSpeaks,1,1142,4987,6167,6880,0,0,26.24
TheNinja68,1,1076,2975,241,660,1,0,1.02
TheOneTrueAuger,1,95,250,4149,4902,1,0,15.14
ThePeacePower,0,10291,4611,4272,7213,0,0,10.29
TheScar26506371,1,35,165,722,7630,1,0,1.66
The_Abby_Mills,0,1707,1783,16232,26838,0,0,77.29
The_Alliance_C,1,378,712,691,258,0,0,3.50
The_Thumpinman,1,5783,5571,11815,4419,1,0,29.76
Themosthuman,1,688,2985,12012,28091,1,0,31.77
ThenTruth,0,15,282,7,47,0,0,.02
ThomasArllan,1,992,1346,2665,473,1,0,6.01
ThomasLeeMO,1,104,92,102,28,1,0,.33
TianaMai1,1,4,57,2,0,1,1,0
Tictacmytoe1,1,174,739,5739,6976,1,0,19.99
TiddlesMagnolia,1,103,270,1244,960,0,0,2.75
TimSher38807557,1,23221,24686,74573,35065,1,0,183.67
TimZandt,1,2,22,12,9,1,0,.05
TimothyRoche8,1,48,168,660,529,1,0,3.33
Tjohnelvis1,0,14,464,19,100,1,1,.04
TommyYoumans2,1,825,834,1340,1314,1,0,3.82
TomsTechandMore,1,2,31,32,26,1,0,.08
Tony49119420,1,4289,5000,30409,39529,1,0,79.39
TonyTheTiger412,1,62,264,631,2455,1,0,1.94
TonyaDeniseWil5,1,2113,4964,10673,12516,1,1,25.41
Tonycheek5,1,900,2201,253,65764,1,0,.69
TrentMoonshowe2,1,114,374,1308,1459,1,0,3.62
TriotTx,1,107,202,1739,2759,1,0,9.10
TroyAle52891286,1,9359,7278,5498,22353,1,0,18.08
TrueLiberal2,0,72,278,2701,2010,1,0,6.35
TrumpForceOne23,1,3077,4188,146,372,1,0,.55
Trump_daisuki,1,2459,3215,5432,5120,1,0,22.44
Trumpin_USA,1,405,694,1899,2474,1,0,5.30
TrumpsWH4ever,1,6258,6629,14585,11263,1,0,58.81
Truthse80746223,1,3385,4940,5341,4940,0,0,19.14
TurtleTurtle920,0,1957,228,12691,9273,0,0,44.52
Tweedle_dot,1,95,221,2994,8061,1,0,7.09
TweetingTheTru2,1,372,764,2167,1741,1,0,6.70
Tweetssuck1,1,5,20,62,338,1,1,.38
Twisted20926550,1,5,59,166,159,1,1,.53
Tylan241,1,1040,4246,3588,28251,1,0,15.07
TylerFrisk4,0,13,140,43,1115,1,0,.23
TylerGarrison38,1,2,21,3,4,1,0,0
TylerLuebb,0,34,370,195,21,1,0,1.07
UNITEANDDEFEND1,1,2062,2261,4754,3628,1,0,18.64
UNTIL_PR0V3Nx,1,1812,3783,10473,5124,1,0,25.41
URAnonymous1,1,747,648,26016,19419,0,0,88.48
US_NORTHCOM_MIL,1,307,3947,1055,1156,1,0,3.20
Unityworldchur1,1,152,461,1473,858,1,0,12.48
UrBetsyJean,1,5191,5619,28682,48322,1,0,109.89
VLobati,0,14,74,65,43,1,0,.16
VMagakag3,1,740,1177,834,602,1,0,3.41
VandySal,1,84,236,2257,2515,0,0,9.44
VannoteJennylee,1,399,822,1212,9050,1,0,6.58
VeritasFidelity,1,131,1220,287,555,0,0,.93
Vets4AP,1,1126,1439,13717,24492,1,0,37.99
VickieBledsoe4,1,1677,4382,3030,16428,1,0,7.16
Vigil4USA,0,2050,2784,1563,852,0,0,6.15
Vik48275848,1,1103,1466,872,268,1,0,4.11
VikingGoddess1,1,1507,1829,9011,18092,1,0,49.78
VinCenz48934622,1,1410,2129,226,106,1,0,1.27
VincePatriot,1,1232,2019,1276,7975,1,0,4.29
Von_Falkenberg,1,19,168,123,367,1,0,.93
VoteforTrump45,1,248,505,6809,12030,1,0,16.93
VoterEngage,1,363,4183,85,243,1,0,.34
WCurtrightMO,1,296,570,141,831,1,0,.59
WDoitt,1,4,44,24,1,0,0,.16
WNDarrah,1,4101,4595,6270,29980,0,0,18.17
WVTrumpGirl2020,1,1213,1495,364,481,1,0,1.00
WagnerTelles3,1,382,1637,15343,45012,1,0,46.77
Wander894Lara,1,9,165,515,29,1,1,1.27
WardFranz,1,15,72,1,44,1,1,0
WarpathMO,1,7,37,32,23,1,0,.10
WayneEast4,1,10,73,50,42,1,0,.12
WelskieInson,1,5,105,1,0,1,0,0
WhatevNvm,0,1663,1962,1179,1812,1,0,4.22
WhatsOnTapToday,1,14,359,2785,4756,1,0,7.27
WheresTrumpAt,1,13,21,51,2,1,0,.27
WhigInNameOnly,1,5,78,6,41,1,0,.02
Whitney84699344,1,227,1619,16,3372,1,0,.05
Why45huh,1,450,773,8061,49543,1,0,26.17
WillKamin,1,172,1618,32,200,0,0,.07
WillWoo50583407,1,0,17,2,0,1,1,.01
William46638976,1,1024,1545,3037,1962,1,0,7.74
WilliamRemley,1,250,1637,38,1227,1,0,.10
WillisCougar82,1,1,9,2,8,0,0,.01
WilmaRi99055006,1,19802,19720,70664,50058,1,0,168.64
WinBigLeague,1,12,94,2256,2461,1,0,5.81
WisdomEkanem12,1,104,518,1,8,1,0,0
WyattBertram1,0,20,109,30,248,1,0,.09
WyattPrice15,1,11,188,189,232,1,0,1.25
XavierLeeJohns1,0,420,593,274,126,1,0,1.46
Xmllsos7X,1,2444,2343,57428,85351,1,1,135.12
Ylime1232,1,51,108,2197,12689,1,0,9.63
Yossari82636064,1,17,104,579,11,1,0,1.87
YossiKamar,1,10147,10338,20272,48200,0,0,49.93
YoungRepUSA,1,2538,3025,207,572,1,0,1.19
ZachDavis1217,1,96,173,3299,6477,1,0,7.38
ZaqsPolitics,1,1074,1763,18858,111,0,0,45.77
ZaraABC17,0,328,371,658,947,0,0,1.98
Zoomy_Zim,1,34,381,818,671,1,0,2.86
_ColsonDouglas,0,85,732,329,814,1,0,1.25
_VisionQuest_,1,2715,4983,12360,31133,1,0,28.54
_kyliehaynes,1,76,102,95,182,1,0,.21
a11572091,1,14,71,220,156,0,0,1.26
aRvKsjjSwp3Ucwx,1,12,336,30,24,1,0,.07
a_anwarovic,1,113,4992,21329,137,1,0,67.07
a_zeccardi,1,76,4118,1,505,1,1,0
abernathy_miles,0,17,98,795,2965,1,0,1.95
abt5x5,1,5949,6512,11622,7969,1,0,29.80
accountablyfree,1,4838,5323,5621,24269,0,0,15.06
adam_rapert,0,39,145,57,105,1,0,.13
add60158309,1,10,146,191,645,1,1,1.31
albertlandis1,1,2209,3573,1555,27054,1,0,4.01
alert_wave,1,14,60,219,322,1,0,1.44
alexgtrumpetsd,0,37,115,591,1356,1,0,2.82
alexpol37425529,1,7,79,2,3,1,1,0
alimcanfield,1,1,42,3,8,1,0,0
allen98006863,1,4555,4298,16619,23166,1,0,39.10
alonzojaymz,1,55,838,62,2731,0,0,.16
am_dizon,1,1772,2118,2189,88762,1,0,5.80
amagod_i,1,28,56,850,604,1,0,2.00
amapola_rouge,1,90,168,508,1428,0,0,1.62
amazonjude2,1,62,359,4129,1341,1,0,22.56
ananda_ruri,1,7,177,2,96,1,0,0
andreas22662573,1,378,1877,92,441,1,0,.26
andrew4duval,1,162,365,2240,8839,1,0,6.00
angels391723,1,1560,4847,2227,2028,1,0,10.12
anitas_law,1,29,76,96,90,1,0,.49
anthony_vert,0,13,145,13,214,1,0,.04
aristotsmagotes,1,7,168,337,27,1,0,1.80
armandokate1,1,41,486,1,2,1,0,0
arthur_naipal,0,313,1010,421,2755,1,0,1.18
ashazeit,0,6,19,36,11,1,0,.09
asinner_too,0,214,756,418,1026,1,0,1.26
audreyreiman,1,2798,3678,1758,4511,1,0,6.46
awwadsalotaibi,0,5561,2100,16443,26120,0,0,95.04
baby_channel18,1,22,648,2,1173,1,0,0
baileybailey411,1,10,80,191,9,1,0,.43
becky_bramble,1,10,201,1,16,1,1,0
benbutton00,1,170,1267,7358,19332,1,0,19.36
bennnorrris,1,14,128,112,1382,1,0,.54
bexcellentoday,0,52,183,307,2365,1,0,.69
bexisodes,1,111,2076,1258,4742,1,0,5.11
bibisbarn,1,46,221,106,317,0,0,.84
bigdirtyhairgm1,1,2816,2663,18616,7779,1,0,55.57
biglittlebobby5,1,199,1832,3744,3881,1,0,9.90
bigly_patriot,1,7515,8278,1770,2015,0,0,5.93
billy_glock,1,0,14,1,3,1,1,0
billyranderson1,1,2072,5001,3844,149,1,0,9.85
bizz_nass,1,6,72,18,140,1,0,.07
bjohnfarmer,0,11,131,205,217,0,0,.50
blakeman_joshua,0,8,109,38,146,1,0,.10
blakewbassham,0,62,406,536,423,0,0,2.35
blamwhosnext,1,55,290,1640,1430,1,0,3.78
boii_salty,1,420,2369,108,100,1,0,.33
bonustag,1,224,623,5296,1002,0,0,14.62
bowl_nuts,1,202,4925,249,53,0,0,1.24
box_lean,1,15,216,1412,1203,1,0,4.81
bradbury444,1,5749,6008,4427,19947,0,0,9.99
bradnolesfan,1,2762,4198,7824,47030,1,0,18.36
brian52608565,1,8,54,7,18,1,0,.03
briand_deluca,0,572,756,3646,6465,1,0,10.81
bur73283781,1,0,18,9,91,1,1,.02
burn_pit,1,86,197,913,3747,1,0,2.11
cantrell_tresea,0,92,277,443,2870,1,0,1.09
captain_krypton,1,66,423,1135,4537,1,0,6.00
carson_hankins,1,41,1241,7,2,1,1,.02
casey_hays4,0,17,115,25,71,1,0,.16
cashion_johnny,1,586,966,6387,13127,1,0,21.65
cause39419832,0,127,145,3425,19834,1,1,15.22
cdallencounty,1,7928,8692,12337,13793,1,0,29.23
cfsho444,1,5,7,140,3,1,1,.39
chantel97991176,1,455,4588,468,507,0,0,1.09
charli_neal,1,3224,4541,4052,11468,1,0,9.71
chellitis2,1,18,284,556,4307,1,1,1.31
chiett2,1,85,116,3315,4100,1,0,8.06
chockitdog,1,3967,4950,448,666,1,0,2.40
chris_l_keys,0,145,419,144,3175,1,0,.66
christi46184146,1,503,635,412,448,1,0,2.84
christi_partain,1,436,1529,663,12875,1,0,1.58
christinagala17,0,3023,3708,19672,15588,1,0,55.41
chsdemocrats20,1,3,82,10,5,1,0,.05
chuckandpamhoo4,1,604,746,1221,1353,0,0,3.66
cjreich94,1,1091,4924,3842,3122,1,0,13.87
ck_deplorable,1,4642,4906,6471,11027,1,0,17.82
cody1combs,1,89,597,1357,4468,1,0,5.38
confirmkav,0,5660,2020,1256,2683,1,0,4.60
conservativeMN1,0,110,329,1109,4320,1,0,4.06
conserve_p,1,2345,4998,1830,3065,0,0,5.71
coppercorrosion,1,136,857,1117,1166,1,0,4.45
corneliaventer2,1,488,2059,3567,2698,1,1,11.35
country_boy609,0,201,372,1643,230,1,0,10.14
countrytrumpkin,1,359,1199,2161,4581,0,0,6.24
cozybrows772,0,257,293,740,2256,1,0,2.03
crazeirish,1,62,1177,864,3800,1,0,1.89
crazyMO_Mama,1,391,733,3323,7151,1,0,9.44
cupvf,1,19,161,197,0,0,0,1.09
curioustriplet,1,3463,4210,1134,16415,1,0,5.81
dachanch,1,98,751,1009,5054,0,0,2.81
dapperheretic,1,160,2868,1395,21864,0,0,7.62
dassoloaolcom1,1,5,70,1,16,1,0,0
datanck13,0,36,169,118,454,1,0,.58
davidbcrumbs,1,11849,12161,30587,84201,0,0,69.83
davidcable20,1,2981,3011,1569,6196,1,0,3.51
davidg92903960,1,21,99,154,11,0,0,.92
davidha99522156,1,1096,1062,650,1729,1,0,3.14
dbarsgrl,1,3312,4903,772,2562,1,0,2.72
delawaredemsoc,1,160,1164,1740,4725,1,0,6.04
denisec11861155,1,497,1442,5178,52646,1,1,11.35
denisehearn_,0,871,566,382,302,1,0,1.07
dennis91842840,1,20,121,510,3787,1,1,1.73
deona75,1,20,55,100,469,1,0,.55
deploreable,1,2819,4959,3447,2595,1,0,16.25
devmghpatel,1,42,832,126,4870,1,0,.66
devon_monica,1,66,525,1707,2279,1,0,8.70
dibblelewisx2,1,5527,5831,19927,54300,0,0,43.60
difidarova,1,6,77,15,19,1,0,.07
diner4u,1,190,1169,37,16,1,0,.09
dirtyanon000,1,285,494,5686,14123,1,0,12.98
dlosh01,1,15,104,27,37,1,0,.06
dominick122102,1,24,155,153,54,1,0,.38
donte_hammond,1,1708,2133,854,231,0,0,3.31
dorian_culver,1,313,463,4575,6400,1,0,13.03
dorothynicole01,1,52,349,23,36,1,0,.06
downtownjohnbr1,0,10,119,57,102,1,0,.37
dpatric92302280,1,1,40,2,26,1,1,0
dryer_k,0,1153,774,21522,31558,1,0,73.95
edwards_rw,1,876,1870,1149,2585,1,0,3.19
edwin_ketcham,1,1,52,51,163,1,1,.12
elizabe28817159,1,4,183,90,223,1,1,.19
elizabethKedgar,0,8,33,2,6,1,0,.01
elizabeth_ann77,1,687,2436,5678,35106,0,0,12.90
elleblair21,1,50,222,498,1486,1,0,1.13
ellieonwheels,0,105,845,298,5439,1,0,.76
ellison9224,0,56,127,331,360,1,0,1.25
elly0687,1,107,1140,185,3529,1,0,.81
emmatho42965365,1,13,15,10,5,1,0,.04
en1gmat0,1,140,605,1938,1754,1,0,6.77
enani_salaam,0,18,499,7,366,1,0,.01
f_nutting,1,29,152,2455,1396,1,0,6.54
faimuddin_khan,1,15,145,3,12,1,1,.01
felix_tynan,1,0,3,15,4,1,1,.06
fodey12,1,73,1246,8,6,1,0,.06
for_viv,1,1300,1244,28331,40663,1,0,87.71
four_pete,1,74,108,277,762,1,0,1.10
franbrandt2018,1,1651,2214,9044,10467,0,0,22.83
freakydring,1,79,209,556,75,1,0,1.89
freedomisok,1,259,481,1907,7516,1,0,13.81
freedomlavender,1,193,369,4434,1675,1,0,12.08
frequentflyerkc,1,1735,2528,7755,9259,1,0,18.07
fromyulee,0,559,558,34026,37108,1,1,91.96
g_scog,1,2768,4987,17015,10189,1,0,79.88
ga_da4,1,8,97,2,4,1,0,0
gailschroeder89,1,129,2079,417,22939,0,0,.91
gayagainstpaul1,1,215,906,592,6292,1,0,1.83
gibsmehalf,1,57,389,163,1965,1,0,.99
givemeliberty22,1,8,26,1687,648,1,0,7.39
glsudzz,1,277,1229,686,1149,1,0,2.11
gmerrell2,1,13,152,445,1655,1,0,1.46
gocrazy4cards,1,103,399,3388,3496,1,0,8.70
godwe_in,1,484,826,2841,20475,0,0,10.88
gohanson1231,1,11,49,2,0,1,0,0
goinginthebox,1,289,355,224,1215,1,0,1.05
grumpycpa2,1,0,14,7,0,1,1,.01
guyzlkeme,1,157,1164,2335,732,1,0,8.28
gweccarius,1,85,360,78,389,1,0,.27
hadamson1776,0,21,95,104,1589,1,0,.25
hammerschmidt_m,1,4,88,19,2,1,1,.04
hank_pannell,1,19749,21644,36548,32422,0,0,90.46
haraldholmgang,1,40,177,440,1210,1,0,2.47
hawkeyeEcho,1,104,351,2227,2608,0,0,16.13
hawley4209,1,22,293,665,769,1,0,3.39
hawley_ginger,1,82,166,356,6427,1,0,2.23
hbharney,1,17,185,11,54,0,0,.02
hduu95829296,1,1,112,3,387,1,0,.02
henry_russell18,1,27,483,222,2487,1,1,.52
herman_putz,1,804,1633,464,291,1,0,1.83
hgilly_,0,28,89,14,4,1,0,.03
hollomans1,1,5,63,5,3,1,1,.02
hunter_todd19,0,424,494,965,7596,1,0,2.68
iamsteef1,1,40,223,2529,2976,1,0,7.97
ianlamroti,1,7744,8395,69104,111698,1,0,202.05
idontkn74669441,1,91,349,1929,14174,1,1,7.93
infantry3502,0,247,483,1218,2292,1,0,2.81
isaffamo,0,58,79,32,231,1,0,.14
its_taylor_ham,1,1997,4419,3657,37322,0,0,9.88
jackejones123,1,3439,3467,7710,81812,0,0,33.81
jakemerci,0,80,251,296,40,0,0,1.03
jakobalucas,1,6,670,31,954,1,1,.33
jamesbhensley,1,49,156,6300,2102,0,0,14.96
jar631,1,2612,2822,16402,10165,0,0,46.33
jaspinmo,1,32,188,634,12073,1,1,1.74
jdsolokc,0,4,81,7,4,0,0,.04
jeanne_returns,0,5578,6128,22564,38014,1,0,57.12
jennife82562969,1,529,878,2673,4124,1,0,6.85
jerry_pori,1,210,4909,545,8,1,0,1.34
jessexschilling,0,209,911,1148,31190,0,0,3.23
jetbird1776,1,3365,4840,8076,14940,1,0,30.47
jgraykc2018,0,460,85,377,489,1,0,.88
jim_standefer,1,23,72,1217,1101,1,0,7.46
jimm_mcphadden,1,226,583,3455,3646,1,0,9.89
jmmg2018,1,2550,3188,1369,2133,1,0,5.77
jmp372,1,11,89,238,294,1,0,1.22
jobyyoung7,0,77,100,96,204,1,0,.47
joe_norte,1,2290,5001,12446,32352,0,0,51.21
john_ladelfa,0,270,404,1149,4906,1,0,2.52
johnleelike,0,163,571,274,260,0,0,.65
johnnykane1990,1,416,1213,3050,2308,1,0,7.43
johnvondeventer,1,286,643,820,2369,1,0,4.40
jonomo1205,0,16,384,15,105,1,0,.04
jordanmeyer1234,1,29,174,108,530,1,0,.68
joseflopez98,1,46,314,1577,1979,1,0,7.50
joshua_beezley,0,125,297,208,321,1,0,.90
joy_abbey18,1,27,451,209,2152,1,1,.49
jrs1132,1,813,2494,9071,6183,1,0,28.79
jrsantiagomnaz,1,236,731,29706,46543,0,0,83.91
jtodom04,0,88,211,34,403,1,0,.16
judywil93035110,1,461,700,6714,4254,1,0,16.66
justbabylover,1,43,1015,1,1823,1,0,0
justinparramore,0,25,83,124,635,0,0,.56
jwall_1013,1,421,553,11837,60012,1,0,26.48
kansascityyrs,0,123,67,196,129,0,0,.57
kariscottages,0,0,33,5,0,1,0,.01
karmahitsyoubac,1,83,416,10298,7874,1,0,28.05
kathlee36633194,1,40,315,18,131,1,0,.05
kathyshell_2,1,429,655,1529,1038,1,0,3.40
katylynn10001,1,679,4481,58,36,0,0,.13
kennell_r,1,271,1345,588,12482,1,0,1.30
kenocchio,1,5,62,21,60,0,0,.08
kevinaldrich31,1,26,8,651,190,1,0,3.37
kevmac59744079,1,93,906,2,15,1,1,0
kobayashimaru2,1,3555,4947,22936,12465,0,0,131.06
kristi06722621,1,5,85,4,86,1,0,.02
ktmullen81,1,1335,4579,3644,7795,0,0,8.49
kudra_1,0,33,318,78,20679,1,0,.17
kwiturbtchn1,1,462,1072,9375,10091,0,0,22.53
lacaniandad,1,40,257,379,953,1,0,2.29
lafmor1,0,9,140,11,518,1,0,.02
larryki02693177,1,1459,1974,7707,12492,1,0,30.34
legalimmigran18,1,174,340,1058,3051,1,0,2.42
lie_make,1,1082,2525,22045,34960,1,0,107.53
liifeisgood2,1,1033,2093,3057,11030,1,0,16.17
lilbirdysaid,1,1638,4312,476,4988,1,0,1.16
lilpiney1,1,7,82,38,36,1,1,.23
lingering_lib,1,85,903,1006,5453,1,0,2.59
lmannyvazquez,0,8,190,45,2323,1,0,.15
longwintercount,1,128,522,597,1098,0,0,3.22
lori45553225,1,4,120,53,368,0,0,.29
love_the_USA,0,92,372,528,1063,1,0,1.92
lovely_angel180,1,365,2583,94,112,0,0,.48
luciustar17,1,2380,3492,570,1302,1,0,3.03
lucyl3826_lucyl,1,564,4366,538,751,1,0,1.26
luzainali,1,7,303,13,1,1,0,.08
mac_curmudgeon,1,1267,1767,18935,7752,1,0,42.07
maddie72474400,1,4,61,1,2,1,1,0
maddiequeen17,1,250,1349,2893,14240,1,0,18.66
maga_MOMS,1,233,489,56,54,0,0,.19
marialeivahn,1,6,59,27,9,1,0,.17
mark53441735,1,162,1198,3,819,1,0,0
markber00817088,1,22,390,28,139,1,0,.07
martineperron5,1,632,4318,8,95,0,0,.04
marybon84134039,1,3064,4260,1983,2522,0,0,10.83
marywes05060115,1,0,7,67,454,1,1,.66
matrix666boom,1,117,2345,27,2848,1,0,.16
mcdonough4judge,0,209,337,1170,2299,0,0,2.56
mcdowellformo,1,2191,4239,914,1966,0,0,2.14
meggieeve,0,113,310,488,1290,0,0,1.87
michael_legero,1,2555,4878,70055,10159,1,0,353.81
mikefeg95,1,180,329,2496,4388,1,0,7.84
mindy03355268,0,282,95,1941,9346,1,0,5.52
mishmashmisty,1,466,967,17106,40579,1,0,97.74
mk1V6Neon,1,23,225,1226,671,1,0,7.90
mocanntrade,1,368,318,450,851,0,0,1.46
mocapcom,1,227,484,26,9,0,0,.12
mooremichelle22,1,35,468,212,2079,1,1,.49
motorcruft,0,11,196,86,2013,1,0,.31
mountainmama209,1,95,336,1177,319,1,0,2.68
mr_nashville,0,35,192,1974,292,1,0,11.34
msonnie7,1,547,942,826,14617,0,0,3.23
mutedmule,1,0,45,6,6,1,0,.03
mwubahimana,0,426,1031,949,2232,0,0,3.85
nancy_natacha,1,6,53,3,19,1,0,0
narisa51618504,1,72,1111,194,272,1,0,1.63
natebsbiggestf1,1,733,2036,1540,1272,1,0,7.09
nathanhale01,1,1711,3122,905,296,1,0,4.00
niden_net,1,10,287,1,194,1,1,0
nomobustedroads,1,172,143,42,9,1,0,.09
nomorepLz222,1,0,58,2,0,1,1,0
nostrilmandias,1,2495,2802,3046,343,1,0,12.63
nulliganofnot,1,19,430,1,10,1,0,0
odell_andy00,1,27,81,18,12,1,0,.09
ohsynesthesia,0,104,499,438,704,1,0,.99
onthevergetime,1,250,794,4722,31638,1,0,12.59
pachucodelnorte,1,614,1161,12771,18982,0,0,41.59
pami_wallen,1,25,614,918,90,1,0,2.08
papolitix,1,140,369,826,25265,0,0,2.32
partney_caleb,1,50,40,23,24,0,0,.06
pater_larry,1,169,303,3460,3561,1,0,8.45
peilmymailcom1,0,2363,1830,25243,15915,1,0,229.48
peni_jeni,1,245,878,5054,15039,1,0,15.94
pinacoladas1776,0,56,94,13,18,1,0,.03
pittleochris,1,188,2353,24778,13126,1,0,62.25
pmkling1,0,78,185,168,3287,1,0,.63
po_sound,1,2131,2933,2774,5960,1,0,6.54
politicalsigns3,1,0,15,1,0,1,1,0
politician_p,1,0,17,117,0,1,0,.52
preache81734686,1,17761,19538,16365,16184,1,0,41.22
profthomlambert,0,426,283,144,285,1,0,.34
puffpuf10440399,1,128,160,6619,6032,1,0,34.47
punchthefetus,1,14,55,183,35,0,0,1.02
purposehardmode,1,164,940,332,31939,1,0,.86
q_isee,1,3117,3878,8772,9167,1,0,73.10
qf_sick,1,438,790,4736,4015,0,0,22.55
quinnzellers,1,449,4993,5,3,0,0,.01
quinten_moen,0,50,569,60,384,1,0,.17
rachelbewell,1,1,77,16,132,1,0,.05
rammahaformo,0,83,256,47,56,1,0,.10
rapcultureuncut,1,70,386,3935,182,1,0,11.24
ras38132677,1,123,342,8968,29397,1,1,46.95
rea_tme,1,2,28,1,1,1,1,0
realAJ_Watson,1,123,2304,353,1007,1,0,1.86
realANazar,1,15,218,185,5458,1,1,.43
realCRShockley,1,7,141,39,145,1,0,.09
realDASC,1,702,3215,2827,6213,1,0,15.88
realDevenPowers,0,11,106,56,73,1,0,.20
realJairo_SP,1,581,629,10668,10377,1,0,49.38
realalbowman,1,236,1115,3830,37165,0,0,9.48
realcarlossilva,1,985,1101,9161,13525,1,0,20.08
realinformative,1,1368,1509,3241,6268,1,0,9.61
recordkeeper57,1,122,180,1298,5229,1,0,3.68
reddogartist1,1,1697,3987,7304,9462,1,1,21.04
redismyfavorit3,1,539,907,4317,8272,0,0,24.25
redpatriotfreed,1,3519,4600,1333,5266,1,0,4.17
redpillpsychic,0,186,670,589,2097,0,0,1.28
redskins_fan52,0,20,89,19,127,1,0,.04
repbican,1,3937,4985,807,1282,1,0,4.29
rgf26,0,6667,6902,38376,43869,1,0,155.36
rhrickspurple,1,446,329,4483,31499,1,0,11.01
richbrat2,0,3782,4937,29235,19886,1,0,94.91
rickandsarah,1,27,123,558,2705,0,0,2.28
rickyfmll,1,4,133,173,772,1,1,.94
risthereal,1,7,88,7,451,1,0,.06
rmfortune,1,15045,15008,3145,7544,1,0,7.41
robert_griffon,0,285,570,266,279,1,0,.81
roger19_steph,1,25,506,211,2243,1,1,.49
rogers_chief,1,242,211,2564,1938,1,0,5.85
roon0292,1,144,821,9115,12540,1,0,20.43
saltyheart71,1,862,1245,6776,4838,0,0,18.51
sam_westhoven,0,155,326,132,358,1,0,.57
saya_garapan,1,83,1004,72,157,0,0,.17
schaissenberg,1,120,2136,219,5082,1,0,.88
schmosisf,1,307,495,3746,847,1,0,21.65
schuler_la,1,1,32,276,35,1,1,1.15
scootj77,1,13394,14223,19895,18167,1,0,47.82
scott_helmick,1,1692,2438,19855,21098,1,0,50.91
senate_us,0,88,131,84,36,1,0,.26
setterrecord,1,2182,4593,1873,180,1,0,8.14
shadowban69,1,2645,4133,11640,5680,1,0,26.15
sharonC39906150,0,22,653,21,36,1,0,.05
sharon_grasty,1,906,1914,4470,1988,1,0,11.11
shawndaturner94,0,64,164,10,953,0,0,.03
shelbydunbar,1,1,93,377,2,1,0,1.68
shelley73478982,1,6,35,27,34,1,0,.18
shillmode,1,1,6,11,12,1,0,.03
skroople,1,12,66,72,411,1,0,.17
skyfall1776,1,213,308,3833,5718,0,0,11.20
slayton_adam,1,33,119,33,113,1,0,.10
smlltwngrl02169,1,4015,4998,6298,15815,0,0,15.06
smotherman_k,0,4,66,5,1,1,1,.02
solsake,1,8,99,2,235,1,1,0
sonny_braford,1,4,121,94,0,1,0,.45
sonshineandrain,1,1453,1926,27275,29417,0,1,62.99
sophie_graves,1,30,118,15,10,1,0,.04
sovereignsouls,1,3081,3205,7705,29035,0,0,21.05
staciestl81,1,216,1615,1000,11504,1,0,4.52
stateoftheraces,1,58,497,26,7190,1,0,.06
stephywilson83,1,223,970,1845,8391,1,0,4.98
stevenpowers191,1,10,115,41,51,1,0,.12
stixie1234,1,3195,2969,15204,10005,0,0,42.82
stopERAagain,1,77,1153,136,50,1,0,.38
straightreaIity,0,21,87,483,1220,1,0,1.39
sunshinec07,1,7042,7729,9278,40511,0,0,24.67
supernana999,1,130,243,1497,5893,1,0,3.34
swinder2233,1,7,280,89,4,1,1,.58
t_eye922,0,312,429,284,39,0,0,.64
tadfortexas,0,18,178,53,143,1,0,.11
taisam10,1,472,5002,20604,24,1,0,87.67
takecaback,1,3919,4494,8746,3268,1,0,47.27
tames_carla,1,87,1054,1,123,1,0,0
tami_creech,0,2386,2843,1558,6267,0,0,4.40
teddysofthands,1,33,417,1092,4792,1,0,4.45
texaspiggy1,1,38,132,1444,2691,0,1,3.31
texasredmm,1,34,318,35,192,1,0,.30
theBIGgy4,1,2,23,3,65,1,0,0
theCodyLeach,0,84,423,416,1027,0,0,1.38
theninjapapaw,1,156,1610,1861,1088,1,0,5.55
therealCPTO,1,1913,4416,1022,678,1,0,2.66
therealkingmob,1,57,286,882,1382,1,0,2.35
therealsdean,0,24,211,145,271,1,0,.55
thompGaryMO,1,6,65,1,365,1,1,0
tidwell_sally,0,690,737,7782,7247,1,0,43.71
timhanl05025071,1,1,10,45,55,1,1,.46
todd_twiss,1,861,1732,5143,27102,1,0,13.49
tracey_vinsand,1,2401,4889,9389,12909,1,0,21.78
treyy56045916,1,2,86,3,231,1,1,0
trial_law,1,30,263,72,15,0,0,.25
tristahuddlest2,1,1,5,1,1,1,1,0
trumpgirl67,1,766,841,365,387,0,0,.93
trumpturnaround,1,3338,4643,340,817,1,0,3.00
truth4once2018,1,5,179,125,102,1,1,.29
truth_toad,1,376,2389,2628,4271,1,0,6.06
turdeauforhell,1,1126,2913,4321,2668,0,0,9.82
twhittingtonmn,0,24,190,19,12,1,0,.04
twizteda,0,207,652,147,2845,0,0,.35
tylerbrooksnc11,1,443,1396,2354,8081,0,0,6.02
usa1_tgs,1,1642,2250,410,881,1,0,.91
usmc_ss,1,500,433,266,250,1,0,1.26
vJtJrAKrv4xroVb,1,194,1833,114,25,1,0,.49
valerier832,1,64,650,256,4235,1,1,.57
vesicapieces,1,310,541,4236,1728,1,0,11.32
vickiemillstea2,1,6,56,1,2247,1,1,0
vivienn41345269,1,4,29,6,4,1,0,.05
vote4dongshen,1,614,4928,689,24,0,0,1.68
votewithvoice,0,122,457,80,182,1,0,.45
w0rd_salad,1,98,548,4201,6848,1,0,9.48
wallsinthenorth,1,21,135,2610,5946,1,0,10.52
watch2c_H214,1,998,1267,2027,2752,1,0,5.14
wczac33,0,27,346,89,107,1,0,.25
wearewhatsdope,1,2168,4692,5002,22560,0,0,13.37
weefya95,1,129,278,2199,3211,0,0,6.04
wendaozhe9076,1,16,31,5,336,1,0,.01
west1stsouth2nd,1,1630,2575,3021,7549,0,0,8.83
whopbopaloobam,1,11,29,389,2630,1,0,2.43
whosoevermay,1,12,53,793,1320,1,0,3.17
william_yuille,1,2,29,7,3,1,1,.01
willisjk98,0,75,541,18,352,1,0,.06
winatdelmar,1,4394,4794,12876,11202,1,0,58.26
witm13,1,3538,5001,9247,12571,1,0,20.73
woke_millenial,1,254,816,11048,18309,1,0,53.37
wp_abby,0,42,176,44,41,1,0,.10
wxcxray12345,0,3250,4987,11639,1254,1,0,29.92
ythehorses,1,705,1634,3110,8653,1,0,13.29
yuhuaxinnew,1,3124,1317,7811,31703,1,0,17.20
z00mz00m4,0,72,1178,65,20,1,1,.21
